datetime,date,time,open,high,low,close,tickvol,vol,spread,bb_middle,bb_upper,bb_lower,bb_bandwidth,bb_position,kc_middle,kc_atr,kc_upper,kc_lower,kc_position,kc_width_pct
2024-01-02 04:45:00,2024.01.02,04:45:00,1.10234,1.10241,1.1018,1.10187,1565,0,3,1.1036,1.104893924263626,1.1023060757363738,0.0023449153019682264,-0.16850898798044492,1.10349400278677,0.00042698288208611423,1.104134477109899,1.1028535284636407,-0.7678125633792294,0.11608116066090701
2024-01-02 05:00:00,2024.01.02,05:00:00,1.10187,1.10236,1.10174,1.10223,1052,0,3,1.103487,1.1048435117028617,1.1021304882971386,0.0024585911802523295,0.0366792644145895,1.1033621929975537,0.0004462845938775093,1.10403161988837,1.1026927661067374,-0.34564349975025577,0.12134309024992428
2024-01-02 05:15:00,2024.01.02,05:15:00,1.10222,1.10241,1.10204,1.10213,799,0,3,1.1033805,1.1048100240466676,1.1019509759533326,0.0025911714891961903,0.06261666149821439,1.1032508730295327,0.0004386561344897565,1.1039088572312674,1.102592888827798,-0.3517476761430204,0.11928097549161357
2024-01-02 05:30:00,2024.01.02,05:30:00,1.10213,1.1023,1.10206,1.1023,605,0,3,1.1032815,1.1047223369095776,1.1018406630904225,0.0026119116645706925,0.15939934163410666,1.1031526946457677,0.00041879052104078267,1.1037808804273288,1.1025245088642066,-0.17869623190820041,0.1138891804570741
2024-01-02 05:45:00,2024.01.02,05:45:00,1.1023,1.10248,1.1023,1.10244,523,0,3,1.1031840000000002,1.1045746315112213,1.101793368488779,0.002521123423148081,0.2324956345384477,1.1030816443620437,0.00039491146893668914,1.1036740115654486,1.1024892771586388,-0.04159342242060803,0.10740224106394804
2024-01-02 06:00:00,2024.01.02,06:00:00,1.10244,1.10249,1.10207,1.10218,644,0,3,1.103102,1.1045259606736146,1.1016780393263854,0.002581738902865937,0.17625510413160989,1.1030021226767697,0.00039742032204300674,1.1035982531598343,1.102405992193705,-0.1895492682603011,0.10809235463988495
2024-01-02 06:15:00,2024.01.02,06:15:00,1.10219,1.10226,1.1019,1.10193,454,0,1,1.10301,1.1044862384631222,1.1015337615368779,0.002676745384216227,0.1342054393719616,1.1029095395646964,0.0003936782898386977,1.1035000569994544,1.1023190221299384,-0.3293908926649312,0.10708356643484819
2024-01-02 06:30:00,2024.01.02,06:30:00,1.10193,1.10204,1.10171,1.10175,848,0,3,1.1029145,1.1044558691965267,1.1013731308034733,0.002795083746793969,0.12225143637744867,1.102807043733138,0.00038731046085482205,1.1033880094244204,1.1022260780418558,-0.4097299109048899,0.10536125872313208
2024-01-02 06:45:00,2024.01.02,06:45:00,1.10175,1.10212,1.10163,1.10209,1565,0,3,1.102837,1.1043805297211269,1.1012934702788733,0.002799198287918909,0.2580221521569647,1.1027251030601408,0.00039757941476932783,1.1033214721822948,1.1021287339379868,-0.03247480171920308,0.10816279061735835
2024-01-02 07:00:00,2024.01.02,07:00:00,1.10209,1.10253,1.10206,1.10249,1511,0,3,1.1027765,1.1042741551672537,1.1012788448327464,0.0027161535764565928,0.40435047857997447,1.1026903313401273,0.00040482147329239213,1.103297563550066,1.1020830991301886,0.3350455255432201,0.11013648939873275
2024-01-02 07:15:00,2024.01.02,07:15:00,1.10251,1.10283,1.10244,1.10265,1255,0,3,1.1027355,1.104199487363334,1.1012715126366661,0.002655192225758532,0.4707989282757635,1.102685537879163,0.00040333932596314196,1.1032905468681076,1.1020805288902182,0.4706302882995307,0.10973373063517333
2024-01-02 07:30:00,2024.01.02,07:30:00,1.10265,1.10305,1.10262,1.103,962,0,3,1.1027075,1.1041281178233435,1.1012868821766564,0.0025765995485540327,0.6029481663518762,1.1027050104621,0.00040600539336684303,1.1033140185521502,1.1020960023720496,0.7421885215644122,0.11045711849900018
2024-01-02 07:45:00,2024.01.02,07:45:00,1.10301,1.10335,1.10289,1.10331,1389,0,3,1.1026825,1.1040408648258115,1.1013241351741885,0.002463746048044711,0.7309762399895456,1.102750565021265,0.00041140485403017143,1.1033676723023103,1.1021334577402198,0.9532720613727353,0.1119214626806105
2024-01-02 08:00:00,2024.01.02,08:00:00,1.10332,1.10342,1.10316,1.10319,1855,0,3,1.102648,1.103914926990794,1.1013810730092062,0.002297971774843636,0.7139034071964113,1.10279876517797,0.00039626436862716917,1.1033931617309107,1.1022043686250294,0.8291025327235445,0.10779782707587024
2024-01-02 08:15:00,2024.01.02,08:15:00,1.10319,1.10339,1.10297,1.1032,1532,0,1,1.102611,1.1037628315849124,1.1014591684150876,0.0020892800541848183,0.7556797398661158,1.1028357081768936,0.00039863793176446097,1.1034336650745402,1.102237751279247,0.8046137811438523,0.1084398869592501
2024-01-02 08:30:00,2024.01.02,08:30:00,1.10321,1.10349,1.10309,1.10337,1208,0,1,1.1025885,1.1036597474037317,1.1015172525962682,0.0019431499670670748,0.8647616774974571,1.1028815137473482,0.0003987741385880327,1.1034796749552302,1.1022833525394662,0.9083232464884969,0.10847243342571061
2024-01-02 08:45:00,2024.01.02,08:45:00,1.10338,1.10352,1.10266,1.10287,1707,0,1,1.1025585,1.1035607030732353,1.1015562969267647,0.0018179589985207788,0.6554076256194485,1.1028943854539501,0.00044489672472923774,1.103561730541044,1.1022270403668564,0.4817295021558395,0.12101704313583644
2024-01-02 09:00:00,2024.01.02,09:00:00,1.10286,1.10312,1.10243,1.10281,2481,0,1,1.10254,1.1035087311288496,1.1015712688711505,0.0017572716252463266,0.6393575533804939,1.1028841265218279,0.00046940705225632196,1.1035882371002124,1.1021800159434434,0.4473615905630285,0.12768532277367065
2024-01-02 09:15:00,2024.01.02,09:15:00,1.10281,1.10377,1.10276,1.10372,2464,0,0,1.102595,1.1036920597066715,1.1014979402933285,0.0019899595167246547,1.0127341716948586,1.1029348446308602,0.0005234663470306853,1.1037200441514063,1.102149645110314,0.9999718852309805,0.14238366379818523
2024-01-02 09:30:00,2024.01.02,09:30:00,1.10371,1.10381,1.10299,1.10301,1836,0,0,1.102627,1.1037332386722594,1.1015207613277407,0.0020065510317801775,0.6731091172295565,1.102966764189826,0.0005531197123276211,1.1037964437583174,1.1021370846213345,0.5260557279075114,0.1504450714978491
2024-01-02 09:45:00,2024.01.02,09:45:00,1.10301,1.10315,1.10151,1.10156,4188,0,0,1.1026115,1.1037673075099264,1.1014556924900738,0.0020964909397848228,0.04512321862874331,1.1028816755368267,0.0006618077410948675,1.103874387148469,1.1018889639251843,-0.1656895725436167,0.18002141728561796
2024-01-02 10:00:00,2024.01.02,10:00:00,1.10156,1.10389,1.10156,1.10324,4405,0,0,1.102662,1.1038348529319577,1.1014891470680424,0.0021273117817747953,0.7464077056256289,1.102883103263478,0.0008286269669853751,1.1041260437139562,1.101640162813,0.6435695235377775,0.22539840293140972
2024-01-02 10:15:00,2024.01.02,10:15:00,1.10324,1.10342,1.10277,1.10289,2610,0,0,1.1027,1.1038504781614624,1.1015495218385376,0.0020866566817129032,0.5825743618455119,1.1028967759685435,0.0008107642702868416,1.1041129223739738,1.1016806295631132,0.497214164136268,0.22053675954621085
2024-01-02 10:30:00,2024.01.02,10:30:00,1.10289,1.10331,1.1028,1.10293,2063,0,0,1.1027315,1.103870890626608,1.101592109373392,0.0020664878560337674,0.58710796603222,1.102907876669952,0.0007806878432581585,1.1040789084348392,1.1017368449050648,0.5094460845176345,0.2123535047048417
2024-01-02 10:45:00,2024.01.02,10:45:00,1.10293,1.10332,1.10254,1.10298,2015,0,0,1.1027584999999998,1.1038945682197832,1.1016224317802163,0.002060411630984307,0.5974853429323763,1.1029115709553534,0.0007806190589323429,1.104082499543752,1.101740642366955,0.5292199905804021,0.21233408357194797
2024-01-02 11:00:00,2024.01.02,11:00:00,1.10298,1.10365,1.1029,1.10352,2106,0,0,1.1028255000000002,1.1039751690828246,1.101675830917176,0.0020849519399475666,0.8020434359658015,1.1029539610230976,0.0007775571530391114,1.1041202967526562,1.101787625293539,0.7426569651247231,0.2114930941408847
2024-01-02 11:15:00,2024.01.02,11:15:00,1.10352,1.1038,1.10331,1.10333,1749,0,0,1.1028955,1.1039875892820654,1.1018034107179346,0.001980403913272634,0.6989306218527092,1.1030040599732789,0.0007488014377351883,1.1041272621298817,1.101880857816676,0.6450941065261454,0.2036623793805413
2024-01-02 11:30:00,2024.01.02,11:30:00,1.10333,1.10351,1.1019,1.10197,2037,0,0,1.1029065,1.1039558097731377,1.1018571902268623,0.0019028082129131766,0.053754275441569487,1.1029522447377285,0.0008349212939616584,1.104204626678671,1.101699862796786,0.10784936862416206,0.22709631299408875
2024-01-02 11:45:00,2024.01.02,11:45:00,1.10197,1.102,1.10108,1.10152,2478,0,0,1.102878,1.104039440484916,1.101716559515084,0.0021061993890821385,-0.08461884945318998,1.1028171103182622,0.0008434291645654958,1.1040822540651105,1.101551966571414,-0.012633572862192811,0.22943854153353965
2024-01-02 12:00:00,2024.01.02,12:00:00,1.1015,1.10171,1.09971,1.10001,2709,0,0,1.102754,1.104457647850937,1.101050352149063,0.0030898057970080487,-0.30533074910141783,1.1025942109228721,0.0009590862481089464,1.1040328402950355,1.1011555815507088,-0.3981503411772474,0.2609535508007413
2024-01-02 12:15:00,2024.01.02,12:15:00,1.10001,1.10057,1.09996,1.10039,2259,0,0,1.1026409999999998,1.104632701784907,1.1006492982150926,0.00361260244251239,-0.06509463842869356,1.1023763495651382,0.0009241776232980517,1.1037626160000853,1.100990083130191,-0.2164385990540148,0.2515051117513457
2024-01-02 12:30:00,2024.01.02,12:30:00,1.10039,1.10103,1.10029,1.10097,1872,0,0,1.1025395,1.1046509779184264,1.1004280220815736,0.0038302082028378362,0.12834089186930395,1.102222728971633,0.0009057598609682428,1.1035813687630855,1.1008640891801806,0.038976784165191396,0.2465272681720248
2024-01-02 12:45:00,2024.01.02,12:45:00,1.10097,1.10112,1.10028,1.10075,2489,0,0,1.1024115,1.1046283741506913,1.100194625849309,0.0040218632528618604,0.12526064019416852,1.1020792944663982,0.0008991838748714359,1.1034280702787054,1.100730518654091,0.007221862125320914,0.24476928639880435
2024-01-02 13:00:00,2024.01.02,13:00:00,1.10075,1.10077,1.09894,1.09895,3100,0,0,1.1021994999999998,1.1048471289392587,1.0995518710607408,0.0048042644535022236,-0.11366227567167665,1.1018387267394396,0.0009922654873842922,1.103327124970516,1.1003503285083631,-0.47041459709013106,0.27016625844708875
2024-01-02 13:15:00,2024.01.02,13:15:00,1.09897,1.09922,1.09785,1.09805,4025,0,0,1.101942,1.1051024088343127,1.0987815911656873,0.005736071107758263,-0.11574312122919284,1.1015086892721913,0.0010300389386458724,1.10305374768016,1.0999636308642224,-0.6192746029382137,0.28053494684453056
2024-01-02 13:30:00,2024.01.02,13:30:00,1.09805,1.09805,1.09704,1.0971,3278,0,0,1.1016285,1.1053535786568878,1.097903421343112,0.006762858181116176,-0.10783951388871964,1.101117068071665,0.0010280350447812807,1.102659120638837,1.0995750155044932,-0.8025068526141167,0.2800887592946689
2024-01-02 13:45:00,2024.01.02,13:45:00,1.0971,1.09731,1.09667,1.09693,2339,0,0,1.1013315000000001,1.1055303440075812,1.097132655992419,0.007625032077228484,-0.024132355483222127,1.100722109207697,0.00098923154030315,1.102205956518152,1.0992382618972423,-0.777796300528662,0.2696134288649637
2024-01-02 14:00:00,2024.01.02,14:00:00,1.09693,1.09721,1.09677,1.09691,2506,0,0,1.1010364999999998,1.1055922580049864,1.096480741995013,0.008275398690209896,0.047111589829517485,1.1003641305529959,0.0009343083862728346,1.101765593132405,1.0989626679735867,-0.7323306393424788,0.2547270563435928
2024-01-02 14:15:00,2024.01.02,14:15:00,1.09691,1.09695,1.09611,1.09657,2453,0,0,1.100679,1.1054532429766402,1.0959047570233598,0.008675086881170982,0.06966999583967906,1.1000002451035042,0.0009248775476455686,1.1013875614249726,1.0986129287820359,-0.7362880225735124,0.2522392749717688
2024-01-02 14:30:00,2024.01.02,14:30:00,1.09657,1.09684,1.09579,1.09608,2699,0,0,1.1003325,1.1053779529033574,1.0952870470966425,0.009170778657101286,0.07858094392574694,1.0996418090619007,0.0009373897928810112,1.1010478937512223,1.098235724372579,-0.7665698904734116,0.2557350362153106
2024-01-02 14:45:00,2024.01.02,14:45:00,1.09608,1.09635,1.09537,1.0954,3246,0,0,1.1000245,1.1054689190691016,1.0945800809308983,0.009898723290438798,0.07529904097159312,1.099267033595688,0.0009416508135929081,1.1006795098160773,1.0978545573752987,-0.8688844951394025,0.2569850959268964
2024-01-02 15:00:00,2024.01.02,15:00:00,1.0954,1.0959,1.09533,1.09579,3717,0,0,1.099652,1.1051841771482842,1.094119822851716,0.010061687057876736,0.15095116294333832,1.0989247764278447,0.0009044857322336355,1.1002815050261952,1.0975680478294942,-0.6552702698446827,0.24691928464123347
2024-01-02 15:15:00,2024.01.02,15:15:00,1.09579,1.09624,1.09518,1.09581,3820,0,0,1.099298,1.1048620797981334,1.0937339202018668,0.010122969018652514,0.18656092952060752,1.098621781847415,0.0009200371590102781,1.1000018375859306,1.0972417261088996,-0.5187203925689611,0.2512340026965149
2024-01-02 15:30:00,2024.01.02,15:30:00,1.09582,1.09651,1.09571,1.09642,3443,0,0,1.0989725,1.1044088107894963,1.0935361892105036,0.009893442810436762,0.26523601217467996,1.0983924057984549,0.0009080334431092637,1.0997544559631187,1.097030355633791,-0.22405769244986648,0.2480079355016527
2024-01-02 15:45:00,2024.01.02,15:45:00,1.09641,1.09649,1.09492,1.09528,3826,0,0,1.0985875,1.1039237416549472,1.0932512583450529,0.009714732153692212,0.19009087164056077,1.0981229703255861,0.0009742300987983446,1.0995843154737837,1.0966616251773886,-0.4727237706618312,0.26615327931155713
2024-01-02 16:00:00,2024.01.02,16:00:00,1.09527,1.09577,1.09449,1.0946,4838,0,0,1.0981414999999999,1.1032399243644475,1.0930430756355523,0.009285550841030285,0.15268681588222838,1.0978211001358478,0.0010048070889185049,1.0993283107692255,1.09631388950247,-0.5685633661663531,0.2745821943468328
2024-01-02 16:15:00,2024.01.02,16:15:00,1.0946,1.09539,1.09446,1.0952,3562,0,0,1.097735,1.1023911078166202,1.0930788921833796,0.008483118087006958,0.22777692228784951,1.097554011234021,0.000997326380026664,1.099050000804061,1.096058021663981,-0.2867739458765659,0.27260427363532447
2024-01-02 16:30:00,2024.01.02,16:30:00,1.0952,1.09638,1.0951,1.09571,5419,0,0,1.0974220000000001,1.1017255501623653,1.093118449837635,0.00784301784065777,0.30109445278787356,1.0973802958784,0.0010255937420239924,1.098918686491436,1.095841905265364,-0.04287118767053487,0.2803751113108056
2024-01-02 16:45:00,2024.01.02,16:45:00,1.09571,1.09643,1.09514,1.09629,6970,0,0,1.0971605,1.1010521036540213,1.0932688963459787,0.007093955085005891,0.38815664731164434,1.0972443946836317,0.0010520343678215944,1.098822446235364,1.0956663431318994,0.19760345199623047,0.287639027253777
2024-01-02 17:00:00,2024.01.02,17:00:00,1.09629,1.09684,1.09551,1.09579,6433,0,0,1.0969494999999998,1.1006533114152843,1.0932456885847153,0.00675292967503888,0.34347205216566296,1.0971303253486826,0.0010798309310394404,1.0987500717452419,1.0955105789521233,0.08625456690944432,0.2952696428374607
2024-01-02 17:15:00,2024.01.02,17:15:00,1.09579,1.0962,1.0953,1.09592,5277,0,0,1.096726,1.100096901363136,1.093355098636864,0.006147207895383173,0.38044740661734316,1.097004262617062,0.0010618478379355086,1.0985970343739653,1.0954114908601587,0.15963026015416099,0.29038570061770297
2024-01-02 17:30:00,2024.01.02,17:30:00,1.09593,1.09594,1.09497,1.09525,5836,0,0,1.09644,1.099245209439595,1.0936347905604051,0.0051169410813085014,0.2878946250494843,1.0968502058598815,0.0010526630541419493,1.0984292004410945,1.0952712112786684,-0.006716704072566259,0.28791435198303333
2024-01-02 17:45:00,2024.01.02,17:45:00,1.09525,1.09557,1.09407,1.09437,6140,0,0,1.096121,1.0982666737869473,1.0939753262130525,0.003915030889741937,0.09196966224513231,1.0966425672065594,0.0010973967487277378,1.098288662329651,1.0949964720834677,-0.19029036496112062,0.3002063155882604
2024-01-02 18:00:00,2024.01.02,18:00:00,1.09438,1.09583,1.09407,1.09574,4795,0,0,1.0959605,1.0976720078147624,1.0942489921852374,0.003123302007257526,0.4355831162154064,1.0965064496948236,0.0011636570738549625,1.098251935305606,1.0947609640840412,0.28044800538913983,0.3183721557256975
2024-01-02 18:15:00,2024.01.02,18:15:00,1.09575,1.09618,1.09556,1.09582,3428,0,0,1.095849,1.0972668420222274,1.0944311579777728,0.002587659471747071,0.48977319068505926,1.0964442481365864,0.0011092913664694506,1.0981081851862906,1.0947803110868821,0.31241834338104807,0.3035151221837528
2024-01-02 18:30:00,2024.01.02,18:30:00,1.09581,1.09581,1.09443,1.09465,3050,0,0,1.0957265,1.0971138611642228,1.0943391388357773,0.002532312879578577,0.1120332514125046,1.0963032086315148,0.0011373622298225057,1.0980092519762485,1.094597165286781,0.01548457528409817,0.3112356748209092
2024-01-02 18:45:00,2024.01.02,18:45:00,1.09465,1.09582,1.09465,1.09565,2299,0,0,1.0956625,1.0969352431005484,1.0943897568994516,0.002323239319678036,0.4950893467838933,1.096214649079307,0.0011406260068402667,1.0979255880895673,1.0945037100690467,0.33498854257199145,0.31215401321215785
2024-01-02 19:00:00,2024.01.02,19:00:00,1.09564,1.09577,1.09479,1.09505,2850,0,1,1.0955695,1.0967309899913447,1.0944080100086555,0.0021203401360563204,0.27636484004540735,1.0961183332939761,0.001124563406156238,1.0978051784032106,1.0944314881847417,0.18333390892632345,0.30778521953286947
2024-01-02 19:15:00,2024.01.02,19:15:00,1.09505,1.09558,1.09457,1.09535,3384,0,1,1.0955084999999998,1.0965778974939155,1.094439102506084,0.0019523308014785267,0.4258928504594885,1.0960276983770896,0.00111310706554061,1.0976973589754004,1.0943580377787787,0.2970550488598897,0.30467489111509916
2024-01-02 19:30:00,2024.01.02,19:30:00,1.09534,1.09561,1.09513,1.09516,2116,0,1,1.0954625,1.0965084995219851,1.0944165004780149,0.001909694803765791,0.35540146355612223,1.0959583937697477,0.0010497963589865525,1.0975330883082275,1.0943836992312679,0.24649249418286034,0.28736392684823675
2024-01-02 19:45:00,2024.01.02,19:45:00,1.09516,1.09528,1.09466,1.09506,2583,0,1,1.0954454999999998,1.0965059616919026,1.094385038308097,0.0019361286196397174,0.3182395446514287,1.095867118172629,0.0010068167230879038,1.0973773432572609,1.094356893087997,0.232782159148906,0.27562193619793285
2024-01-02 20:00:00,2024.01.02,20:00:00,1.09506,1.09544,1.09475,1.0953,1772,0,1,1.095421,1.096471083806176,1.094370916193824,0.001917224165277084,0.4423855509015639,1.095800091045077,0.0009751350507791214,1.0972627936212456,1.0943373884689083,0.3290523811112379,0.2669652226025378
2024-01-02 20:15:00,2024.01.02,20:15:00,1.0953,1.0956,1.09523,1.09545,1498,0,1,1.095403,1.0964380285020197,1.0943679714979802,0.0018897675139099538,0.522704688763843,1.0957645268185616,0.0009146215457012074,1.0971364591371133,1.09439259450001,0.38537086913528557,0.2504064121394709
2024-01-02 20:30:00,2024.01.02,20:30:00,1.09545,1.0955,1.09475,1.09483,1476,0,1,1.0953235,1.0962747155381367,1.094372284461863,0.00173686684917619,0.2405950700897077,1.0956942544231432,0.0008981593911310895,1.0970414935098398,1.0943470153364465,0.17924979623984325,0.24591515037302794
2024-01-02 20:45:00,2024.01.02,20:45:00,1.09483,1.09504,1.09462,1.09468,2190,0,1,1.0952935,1.0962852918128279,1.094301708187172,0.0018110064796840952,0.19071130046409368,1.09560718257332,0.0008503434520179893,1.096882697751347,1.094331667395293,0.13654584857466096,0.2328416969722965
2024-01-02 21:00:00,2024.01.02,21:00:00,1.09468,1.09478,1.09424,1.09466,2254,0,1,1.0952965000000001,1.0962802128646068,1.0943127871353935,0.0017962494440667597,0.17648079897040192,1.0955074508996705,0.0008193091068161889,1.0967364145598948,1.0942784872394462,0.15521726675145608,0.2243642723223876
2024-01-02 21:15:00,2024.01.02,21:15:00,1.09466,1.095,1.09444,1.09495,1653,0,1,1.095284,1.0962785933842494,1.0942894066157505,0.0018161378861545566,0.3320921869735341,1.095439757163194,0.0007933781961345594,1.0966298244573958,1.0942496898689922,0.2942313154978453,0.21727663003279143
2024-01-02 21:30:00,2024.01.02,21:30:00,1.09494,1.09503,1.0946,1.0948,1103,0,1,1.0952385,1.0962342364109003,1.0942427635890997,0.0018183006000982225,0.2798112054557092,1.095379780290509,0.0007570403765210965,1.0965153408552906,1.0942442197257274,0.2447162623948231,0.2073364115741528
2024-01-02 21:45:00,2024.01.02,21:45:00,1.0948,1.09488,1.09448,1.09465,1587,0,1,1.0951564999999999,1.0960580159455007,1.094254984054499,0.001646369163678083,0.21908428102256386,1.0953121821676033,0.0007213363388690046,1.0963941866759068,1.0942301776592998,0.19400212174641687,0.19757006740530686
2024-01-02 22:00:00,2024.01.02,22:00:00,1.09465,1.09512,1.09456,1.09484,1680,0,1,1.0951089999999999,1.095971250543631,1.0942467494563688,0.0015747300837288224,0.34401285566777096,1.0952672124373553,0.0007052027049821157,1.0963250164948284,1.0942094083798821,0.29806636477849374,0.19315908400455928
2024-01-02 22:15:00,2024.01.02,22:15:00,1.09484,1.09506,1.09455,1.09459,1380,0,1,1.0950425,1.0958475558986753,1.0942374441013245,0.0014703646637923384,0.2189636143623801,1.0952163668084007,0.0006856824344839052,1.0962448904601265,1.094187843156675,0.19550199096064436,0.18782108867182767
2024-01-02 22:30:00,2024.01.02,22:30:00,1.09459,1.09487,1.09457,1.09469,1795,0,1,1.0950145,1.0958276537369969,1.0942013462630031,0.0014851926380826251,0.30046823544185924,1.0951681413980767,0.0006471141910355114,1.09613881268463,1.0941974701115234,0.25370580921655217,0.1772643395769758
2024-01-02 22:45:00,2024.01.02,22:45:00,1.09469,1.09487,1.09419,1.09424,2156,0,1,1.095008,1.0958434304279783,1.0941725695720217,0.0015258891770257201,0.040356698607201216,1.095098159677625,0.0006504027719319617,1.096073763835523,1.0941225555197271,0.060190641523100157,0.17817656787681546
2024-01-02 23:00:00,2024.01.02,23:00:00,1.09425,1.09428,1.09387,1.09409,1628,0,15,1.0949255,1.0957811278396545,1.0940698721603455,0.0015628969087934075,0.011762029425477596,1.0950011920892797,0.0006263624947387677,1.095940735831388,1.0940616483471715,0.01508798981776648,0.17160597612055317
2024-01-02 23:15:00,2024.01.02,23:15:00,1.09408,1.09421,1.09374,1.09375,1208,0,1,1.094822,1.0957195433137135,1.0939244566862865,0.0016396150492290077,-0.09718566425761874,1.0948963166522054,0.000610726245264888,1.0958124060201027,1.0939802272843082,-0.125657655451605,0.16733810388517692
2024-01-02 23:30:00,2024.01.02,23:30:00,1.09376,1.09409,1.09376,1.09402,512,0,1,1.0947905,1.0957519255041301,1.0938290744958699,0.0017563643530522821,0.09929292665419585,1.0948068261773922,0.0005836536207383999,1.0956823066084997,1.0939313457462847,0.05063177346131008,0.15993331612012948
2024-01-02 23:45:00,2024.01.02,23:45:00,1.09401,1.09419,1.094,1.09407,620,0,10,1.0947115,1.0956364059411596,1.0937865940588405,0.0016897711244644284,0.15320797961590457,1.094738239557323,0.0005442882586645511,1.09555467194532,1.0939218071693262,0.09075633993250792,0.1491557266378179
2024-01-03 00:00:00,2024.01.03,00:00:00,1.09425,1.09438,1.09362,1.09411,90,0,13,1.0946645,1.0956111039298417,1.0937178960701581,0.0017294868516185644,0.20711087154863148,1.0946714230915462,0.0005658594327980832,1.0955202122407433,1.0938226339423491,0.16928000194313716,0.15507651543509357
2024-01-03 00:15:00,2024.01.03,00:15:00,1.09414,1.0942,1.09381,1.09397,687,0,8,1.0945955,1.0955333160800458,1.0936576839199543,0.0017135390745635771,0.16651243601546795,1.0946068431145735,0.0005482734895182862,1.095429253348851,1.093784432880296,0.1128190725077757,0.15026586750316068
2024-01-03 00:30:00,2024.01.03,00:30:00,1.09396,1.09413,1.09383,1.09396,1028,0,8,1.0945355,1.0954747225508326,1.0935962774491677,0.0017162029935665906,0.19362958784902234,1.0945465088496935,0.0005234461405664543,1.095331678060543,1.093761339638844,0.12650799242443697,0.1434693189373485
2024-01-03 00:45:00,2024.01.03,00:45:00,1.09396,1.09428,1.09393,1.09411,850,0,8,1.0944880000000001,1.0954122856701218,1.0935637143298784,0.0016889827391834446,0.29551776457248413,1.0945046191179766,0.0005061015265097939,1.0952637714077413,1.0937454668282118,0.24009225599585954,0.1387207100828003
2024-01-03 01:00:00,2024.01.03,01:00:00,1.09413,1.09439,1.09409,1.09431,839,0,3,1.0944384999999999,1.0952864215765579,1.0935905784234419,0.0015495097742961297,0.4242264829952782,1.0944816395194392,0.0004854913738588112,1.0952098765802274,1.093753402458651,0.3821540891824702,0.13307433117067624
2024-01-03 01:15:00,2024.01.03,01:15:00,1.0943,1.09432,1.09413,1.09429,542,0,3,1.0943805,1.0950913438647076,1.0936696561352923,0.001299079917282253,0.43634326432766446,1.0944592611525086,0.00045594223647292136,1.095143174507218,1.0937753477977992,0.37625541207591195,0.12497739824307783
2024-01-03 01:30:00,2024.01.03,01:30:00,1.09428,1.09429,1.09411,1.09417,514,0,3,1.0943475,1.0950326240763486,1.0936623759236515,0.0012521142988832625,0.37046141996210213,1.094433617233222,0.0004283480128256361,1.0950761392524606,1.0937910952139835,0.2948574326414453,0.11741635291921292
2024-01-03 01:45:00,2024.01.03,01:45:00,1.09415,1.09435,1.09407,1.09415,538,0,2,1.094321,1.0949935146838492,1.093648485316151,0.0012290994760204754,0.37286522948358986,1.094410415591963,0.00041351321154305614,1.0950306854092775,1.0937901457746484,0.2900787812871052,0.11335232349356875
2024-01-03 02:00:00,2024.01.03,02:00:00,1.09414,1.09446,1.09409,1.09445,546,0,0,1.0943105,1.0949679032248114,1.0936530967751885,0.0012014930402503643,0.6060992665802404,1.0944030744244744,0.0004091618903887487,1.0950168172600574,1.0937893315888914,0.5382290210206451,0.11216029083357162
2024-01-03 02:15:00,2024.01.03,02:15:00,1.09445,1.09488,1.09439,1.09486,491,0,3,1.094306,1.0949468556779747,1.0936651443220253,0.0011712549834775139,0.9322346037026441,1.0944323054316674,0.00041724570134988394,1.0950581739836922,1.0938064368796425,0.8416808265480673,0.11437318670486217
2024-01-03 02:30:00,2024.01.03,02:30:00,1.09486,1.09505,1.0948,1.09498,674,0,3,1.094315,1.0949876217361878,1.093642378263812,0.0012293018668077709,0.9943343072505122,1.0944809747556357,0.0004005211312149039,1.095081756452458,1.0938801930588133,0.9153132885071833,0.10978385384112373
2024-01-03 02:45:00,2024.01.03,02:45:00,1.09498,1.09504,1.09482,1.09493,404,0,3,1.0943289999999999,1.095039518120805,1.0936184818791947,0.0012985457221825192,0.9229308038752335,1.0945237390646227,0.0003824690180934244,1.0950974425917628,1.0939500355374827,0.8540687098460594,0.10483162797918306
2024-01-03 03:00:00,2024.01.03,03:00:00,1.09492,1.09507,1.09478,1.09497,880,0,0,1.0943355000000001,1.0950666764492876,1.0936043235507127,0.001336293027663711,0.9338897954236736,1.0945633829632302,0.0003732221162840721,1.0951232161376563,1.094003549788804,0.8631591118074109,0.10229342277292329
2024-01-03 03:15:00,2024.01.03,03:15:00,1.09496,1.09512,1.09447,1.09506,1689,0,3,1.094359,1.0951492126296083,1.0935687873703919,0.0014441561308642067,0.94355150356645,1.0945938544270495,0.00040089990465566887,1.095195204284033,1.093992504570066,0.8875826754900695,0.10987634446353181
2024-01-03 03:30:00,2024.01.03,03:30:00,1.09507,1.09545,1.09501,1.09543,1097,0,3,1.0943960000000001,1.0953050962545257,1.0934869037454746,0.0016613661865092888,1.0686966560760056,1.0946607889260607,0.0004048099141901016,1.095268003797346,1.0940535740547754,1.133392815554007,0.11094119336839565
2024-01-03 03:45:00,2024.01.03,03:45:00,1.09543,1.09547,1.09506,1.09513,650,0,3,1.0944405,1.0954004057245335,1.0934805942754664,0.0017541487628309213,0.8591498531457746,1.0947140471235788,0.0004053289227710936,1.0953220405077355,1.094106053739422,0.8420702323908232,0.11107802731759427
2024-01-03 04:00:00,2024.01.03,04:00:00,1.09513,1.09531,1.09495,1.09508,784,0,3,1.09449,1.0954742967032314,1.0935057032967685,0.0017986399203855918,0.7997063782003638,1.0947520743816508,0.0004007960304939758,1.0953532684273917,1.09415088033591,0.7727285979231112,0.10983199937400535
2024-01-03 04:15:00,2024.01.03,04:15:00,1.09507,1.09513,1.09485,1.09487,728,0,0,1.094546,1.0954817649277422,1.0936102350722579,0.001709868617202322,0.6731204014996294,1.0947709244405412,0.00038871642744456184,1.095353999081708,1.0941878497993744,0.5849595853289888,0.10651993547687076
2024-01-03 04:30:00,2024.01.03,04:30:00,1.09487,1.09499,1.09485,1.09493,429,0,3,1.0945915,1.0955088499877321,1.0936741500122678,0.0016761503953432594,0.684498830613623,1.0947854395731882,0.00036384478470008637,1.0953312067502383,1.094239672396138,0.6324378167931588,0.0997030390288894
2024-01-03 04:45:00,2024.01.03,04:45:00,1.09493,1.09531,1.0949,1.09522,609,0,0,1.094649,1.095572534514781,1.0937254654852189,0.0016873619119573678,0.8091384192259634,1.094819524693202,0.0003684603062300799,1.0953722151525471,1.0942668342338568,0.8622962003655761,0.10096466986191512
2024-01-03 05:00:00,2024.01.03,05:00:00,1.09522,1.09546,1.09488,1.09488,763,0,3,1.0946875,1.09558167839383,1.0937933216061702,0.0016336687754813695,0.607640713155424,1.0948436969446431,0.0003896142756070744,1.0954281183580536,1.0942592755312326,0.5310589709103072,0.10675887618323272
2024-01-03 05:15:00,2024.01.03,05:15:00,1.09488,1.09537,1.09486,1.09533,755,0,2,1.0947555000000002,1.0956276576692277,1.0938833423307728,0.001593337816941656,0.8293555857329082,1.094876360727693,0.000401652848046368,1.0954788399997626,1.0942738814556234,0.8764770784135091,0.11005430269206826
2024-01-03 05:30:00,2024.01.03,05:30:00,1.09531,1.09592,1.09531,1.09591,821,0,3,1.094853,1.0957817863048045,1.0939242136951957,0.0016966411103671792,1.0690221714791777,1.0949560724044207,0.0004224875632417312,1.0955898037492833,1.0943223410595582,1.252627752526672,0.1157546610013202
2024-01-03 05:45:00,2024.01.03,05:45:00,1.09591,1.09621,1.09588,1.09608,1217,0,3,1.0949515,1.0959587392962908,1.0939442607037093,0.0018397879655688179,1.060194585415628,1.095060890905587,0.0004132388069175522,1.0956807491159632,1.0944410326952108,1.3220501699851288,0.11320981609774018
2024-01-03 06:00:00,2024.01.03,06:00:00,1.09608,1.09623,1.09595,1.09606,654,0,3,1.095039,1.0961101470487251,1.093967852951275,0.001956363287015382,0.9765918933423895,1.0951579489145786,0.0003999149262258028,1.0957578213039174,1.0945580765252398,1.251869148716531,0.10954993111876217
2024-01-03 06:15:00,2024.01.03,06:15:00,1.09607,1.09621,1.09601,1.09603,476,0,0,1.095126,1.0962220364957393,1.0940299635042607,0.0020016628145789715,0.912395026768814,1.0952460807639839,0.0003799234336032203,1.0958159659143887,1.094676195613579,1.1877870352117015,0.10406522523363354
2024-01-03 06:30:00,2024.01.03,06:30:00,1.09603,1.09617,1.0959,1.09597,397,0,0,1.095216,1.096278344576864,1.094153655423136,0.001939972711983845,0.8548754408037208,1.0953191524372552,0.0003689310902428975,1.0958725490726196,1.0947657558018908,1.0880479941086003,0.10104755935892522
2024-01-03 06:45:00,2024.01.03,06:45:00,1.09597,1.09625,1.09586,1.09623,417,0,0,1.0953199999999998,1.0963513486316434,1.0942886513683563,0.0018831914539012497,0.9411699264825762,1.0953947887130722,0.0003710379812185968,1.0959513456849002,1.0948382317412442,1.250337637658773,0.10161760445872951
2024-01-03 07:00:00,2024.01.03,07:00:00,1.09623,1.09629,1.09601,1.09608,714,0,0,1.0954015,1.0964021253044935,1.0944008746955063,0.0018269562429732474,0.8390379980163423,1.0954644913753193,0.0003619341830967429,1.0960073926499645,1.0949215901006741,1.0668697546187387,0.0991180049959603
2024-01-03 07:15:00,2024.01.03,07:15:00,1.09609,1.09626,1.09585,1.09585,568,0,3,1.0954510000000002,1.0964374258715146,1.0944645741284857,0.0018009493286590254,0.7022453037384572,1.0955142223554475,0.00036674076478707075,1.096064333502628,1.0949641112082669,0.8051907294311348,0.10042975909483598
2024-01-03 07:30:00,2024.01.03,07:30:00,1.09584,1.09609,1.0956,1.09568,962,0,3,1.095486,1.096452569190484,1.0945194308095159,0.0017646399688980073,0.6003549471212007,1.0955404868930239,0.00037906668830837384,1.0961090869254864,1.0949718868605613,0.6226812337416895,0.10380265070350236
2024-01-03 07:45:00,2024.01.03,07:45:00,1.09568,1.09571,1.09509,1.0951,1319,0,3,1.0954945,1.09644420469094,1.0945447953090601,0.0017338374422508046,0.2923038583658868,1.0955175833794026,0.00040316001947754296,1.096122323408619,1.0949128433501862,0.1547414101694536,0.11040261487194483
2024-01-03 08:00:00,2024.01.03,08:00:00,1.0951,1.09566,1.09508,1.09565,1072,0,3,1.0955285,1.096448897196863,1.094608102803137,0.0016802797861725873,0.5660041123626947,1.0955124167083485,0.0004208440175297912,1.0961436827346431,1.094881150682054,0.6089740980193907,0.11524580035182838
2024-01-03 08:15:00,2024.01.03,08:15:00,1.09565,1.09584,1.09545,1.09578,966,0,1,1.0955645,1.0964648882495867,1.0946641117504134,0.0016436973808234992,0.6196705977109691,1.0955293294027915,0.00041775961577680115,1.0961559688264566,1.0949026899791263,0.7000118311599112,0.11439938792085912
2024-01-03 08:30:00,2024.01.03,08:30:00,1.09577,1.09589,1.09572,1.09583,442,0,1,1.0955845,1.0964898060256032,1.0946791939743967,0.0016526448221989931,0.6355895095454245,1.0955563773961765,0.00039298365419912143,1.0961458528774752,1.0949669019148778,0.7320898939008725,0.10761207610323867
2024-01-03 08:45:00,2024.01.03,08:45:00,1.09583,1.0961,1.09581,1.09585,1007,0,1,1.0956205,1.0965077310860165,1.0947332689139837,0.001619595628260706,0.6293349633579223,1.0955910081203502,0.00038268528877922163,1.096165036053519,1.0950169801871814,0.7255917044142396,0.10478872661680055
2024-01-03 09:00:00,2024.01.03,09:00:00,1.09584,1.09598,1.09543,1.09551,2329,0,1,1.095642,1.0964960163932818,1.0947879836067183,0.001558933288942471,0.4227181111285342,1.09559567401365,0.0003994167599013045,1.0961947991535022,1.094996548873798,0.4285007355297485,0.10936975274047822
2024-01-03 09:15:00,2024.01.03,09:15:00,1.09552,1.09589,1.09513,1.09576,2280,0,0,1.0956865,1.0964643245303372,1.0949086754696629,0.0014197939471502945,0.5472471599527732,1.0955954510917152,0.00043547508391118345,1.096248663717582,1.0949422384658485,0.6259535576693339,0.11924339868622251
2024-01-03 09:30:00,2024.01.03,09:30:00,1.09576,1.09627,1.0957,1.09575,1712,0,0,1.0957275000000002,1.0964236573098047,1.0950313426901956,0.0012706759843200903,0.5161601405910192,1.095625090670282,0.00044892757552008326,1.0962984820335622,1.0949516993070019,0.5927464595844656,0.12292368420810511
2024-01-03 09:45:00,2024.01.03,09:45:00,1.09575,1.09627,1.09554,1.09604,1379,0,0,1.0957685,1.0964362806526056,1.0951007193473943,0.0012188352788123458,0.7032853145270099,1.0956560344159694,0.0004770348179680869,1.0963715866429216,1.0949404821890172,0.7683001810126352,0.13061621612545707
2024-01-03 10:00:00,2024.01.03,10:00:00,1.09603,1.09655,1.09579,1.09641,2519,0,0,1.095845,1.0964340161288069,1.095255983871193,0.001074998980342854,0.9796133521373982,1.0957126025668296,0.0005053313361712654,1.0964705995710864,1.0949546055625727,0.960026510166951,0.13835690170600107
2024-01-03 10:15:00,2024.01.03,10:15:00,1.09641,1.09643,1.09504,1.0953,2720,0,0,1.0958435,1.0964378828732346,1.0952491171267653,0.0010847951796669063,0.042803111871073045,1.0957009261318933,0.0005937982025541391,1.0965916234357245,1.0948102288280621,0.27493693414763926,0.1625803688923709
2024-01-03 10:30:00,2024.01.03,10:30:00,1.0953,1.09579,1.09504,1.0956,2519,0,0,1.0958279999999998,1.0964307470447827,1.0952252529552169,0.0011000760060573636,0.31086593292049103,1.095679568087586,0.0006094183822987281,1.096593695661034,1.0947654405141378,0.45647867436823325,0.16686038511124923
2024-01-03 10:45:00,2024.01.03,10:45:00,1.0956,1.09566,1.09507,1.09527,2327,0,0,1.0957875000000001,1.0964249284273506,1.0951500715726497,0.0011634161319607748,0.09407207319636193,1.0956465933490858,0.0006074765440688643,1.096557808165189,1.0947353785329825,0.2933564388821729,0.1663337104563808
2024-01-03 11:00:00,2024.01.03,11:00:00,1.09527,1.09563,1.09427,1.09434,3079,0,0,1.0957015,1.096585203004405,1.0948177969955952,0.0016130360402078097,-0.2703379943338002,1.0955608860459982,0.0006827288896619807,1.0965849793804912,1.0945367927115053,-0.09608143363350176,0.18695324879459768
2024-01-03 11:15:00,2024.01.03,11:15:00,1.09434,1.09454,1.0936,1.09389,3184,0,0,1.0955945,1.0967649097573047,1.0944240902426954,0.002136574722316782,-0.2281637859570288,1.095413182613046,0.0007084560006957989,1.0964758666140897,1.0943504986120023,-0.21666770721587292,0.19402432212997997
2024-01-03 11:30:00,2024.01.03,11:30:00,1.09389,1.09443,1.09387,1.09393,2142,0,0,1.0954925,1.096854173602591,1.094130826397409,0.0024859569601635516,-0.07374248756339076,1.0952858953800575,0.0006936104006262305,1.0963263109809969,1.0942454797791181,-0.1516123839517664,0.1899806443829632
2024-01-03 11:45:00,2024.01.03,11:45:00,1.09393,1.09416,1.09349,1.09364,2255,0,0,1.095363,1.0969007398999808,1.0938252601000193,0.002807726570973712,-0.06023778794506228,1.0951408894708456,0.0006912493605636023,1.0961777635116912,1.0941040154300001,-0.2237568941458921,0.18935902235309932
2024-01-03 12:00:00,2024.01.03,12:00:00,1.09363,1.09391,1.09338,1.09351,1970,0,0,1.0952345,1.0969322923901328,1.0935367076098674,0.00310032671566259,-0.007865393325670952,1.0949941380926698,0.0006751244245072341,1.0960068247294306,1.093981451455909,-0.23277262619806313,0.18496658594442478
2024-01-03 12:15:00,2024.01.03,12:15:00,1.09351,1.09352,1.09291,1.09294,2314,0,0,1.095089,1.0970319348934,1.0931460651066,0.003548451118402097,-0.053029339094180596,1.094815966210828,0.0006686119820565107,1.095818884183913,1.0938130482377433,-0.43525405924169946,0.18321215693555123
2024-01-03 12:30:00,2024.01.03,12:30:00,1.09294,1.09344,1.09262,1.09278,1990,0,0,1.0949440000000001,1.09710902563495,1.0927789743650502,0.0039545869650866395,0.0002368643893405974,1.0946379376828128,0.0006837507838508639,1.0956635638585892,1.0936123115070364,-0.40575773449145597,0.18739094278926505
2024-01-03 12:45:00,2024.01.03,12:45:00,1.09278,1.09343,1.09276,1.0928,1859,0,0,1.094829,1.097184613720454,1.0924733862795462,0.004303162814382698,0.06932667219965599,1.0944816261574655,0.0006823757054657723,1.095505189715664,1.093458062599267,-0.3214566374486339,0.18704079332827206
2024-01-03 13:00:00,2024.01.03,13:00:00,1.0928,1.09299,1.09224,1.09228,2857,0,0,1.0946605,1.0972295502135985,1.0920914497864016,0.004693784444763347,0.036696482731300044,1.0942932173170719,0.0006891381349191758,1.0953269245194506,1.0932595101146931,-0.4737850875176318,0.18892691392405891
2024-01-03 13:15:00,2024.01.03,13:15:00,1.09227,1.09257,1.09209,1.09228,1821,0,0,1.0944854999999998,1.097198472355183,1.0917725276448165,0.004957530008727037,0.09352700447055581,1.0941046569376682,0.0006682243214272618,1.0951069934198092,1.0931023204555272,-0.4102017985870636,0.18322497318427738
2024-01-03 13:30:00,2024.01.03,13:30:00,1.09228,1.09236,1.09154,1.09179,2605,0,0,1.0942835,1.0971624947898508,1.091404505210149,0.00526188102050497,0.06694954628085943,1.0938943721499539,0.0006834018892845399,1.0949194749838806,1.0928692693160271,-0.526420023585749,0.18742263604702725
2024-01-03 13:45:00,2024.01.03,13:45:00,1.09179,1.09213,1.09166,1.09195,1947,0,0,1.0940885,1.0970439645996846,1.0911330354003155,0.005402606095730908,0.13821255036715718,1.0937057017864662,0.0006620617003560829,1.0946987943370003,1.092712609235932,-0.38395678002110584,0.18160142146320038
2024-01-03 14:00:00,2024.01.03,14:00:00,1.09195,1.09259,1.09176,1.09258,3133,0,0,1.093942,1.0968915599671796,1.0909924400328204,0.005392534461936016,0.26911810318231644,1.0935727778068027,0.0006788555303204633,1.0945910611022833,1.0925544945113221,0.012523768577550184,0.18623054928686042
2024-01-03 14:15:00,2024.01.03,14:15:00,1.09259,1.09323,1.09248,1.09263,2907,0,0,1.0937855,1.096663898686768,1.090907101313232,0.005263186770656549,0.2992807588969643,1.093497275158536,0.0006859699772884199,1.0945262301244685,1.0924683201926033,0.07856505520148707,0.18819525010401217
2024-01-03 14:30:00,2024.01.03,14:30:00,1.09262,1.09284,1.09186,1.09205,3074,0,0,1.0936005,1.0964251803358942,1.0907758196641058,0.00516583585302718,0.2255441650693618,1.0933784870481993,0.000715372979559576,1.0944515465175386,1.09230542757886,-0.11901837044374315,0.1962832600147965
2024-01-03 14:45:00,2024.01.03,14:45:00,1.09205,1.09253,1.09143,1.0917,3144,0,0,1.0933835,1.096089532335355,1.0906774676646451,0.004949832031222229,0.18893572001988743,1.0932364089166247,0.0007538356816036286,1.09436716243903,1.0921056553942192,-0.17937392463584081,0.2068634950652605
2024-01-03 15:00:00,2024.01.03,15:00:00,1.0917,1.09214,1.09158,1.09178,3588,0,0,1.0931520000000001,1.0955583549197878,1.0907456450802124,0.004402598942850929,0.21492152119413852,1.093102782670597,0.0007344521134432773,1.094204460840762,1.092001104500432,-0.10034895236192733,0.20156899929819677
2024-01-03 15:15:00,2024.01.03,15:15:00,1.09178,1.09224,1.091,1.09212,4542,0,0,1.0929929999999999,1.095224511595306,1.0907614884046937,0.004083304459051819,0.3043926812129993,1.0929774382892703,0.0007850069020989626,1.0941549486424187,1.091799927936122,0.13591050941602123,0.21546837325232127
2024-01-03 15:30:00,2024.01.03,15:30:00,1.09214,1.09303,1.09196,1.09216,5151,0,0,1.092821,1.0947290870001094,1.0909129129998907,0.003492039410130954,0.3267898686060598,1.0929208568648954,0.0008135062118890568,1.094141116182729,1.0917005975470617,0.18823968242827346,0.22330241209487606
2024-01-03 15:45:00,2024.01.03,15:45:00,1.09216,1.09235,1.09154,1.09216,4585,0,0,1.0926655,1.0942249675373301,1.09110603246267,0.0028544280703107225,0.3379254495846995,1.092834743512683,0.0008131555907001489,1.0940544768987333,1.0916150101266329,0.22340532759046966,0.2232237569844496
2024-01-03 16:00:00,2024.01.03,16:00:00,1.09216,1.09242,1.09129,1.0915,4315,0,0,1.0925235,1.0939595261139639,1.091087473886036,0.002628824211037791,0.14363461428466237,1.0927301647654433,0.0008448400316301194,1.0939974248128885,1.091462904717998,0.014636018107211378,0.23194382077249276
2024-01-03 16:15:00,2024.01.03,16:15:00,1.0915,1.09198,1.09108,1.09157,3769,0,0,1.0924074999999998,1.0937553557044377,1.0910596442955618,0.002467679331088374,0.18932134306281273,1.0926171332004804,0.0008503560284670976,1.093892667243181,1.0913415991577797,0.08953145685418748,0.23348234325492684
2024-01-03 16:30:00,2024.01.03,16:30:00,1.09156,1.09189,1.09097,1.09177,5794,0,0,1.0922995,1.0934775233444145,1.0911214766555855,0.002156960328947372,0.27525912261813795,1.0925148665464663,0.0008573204256203911,1.093800847184897,1.0912288859080357,0.21038967298316733,0.2354165930017515
2024-01-03 16:45:00,2024.01.03,16:45:00,1.09177,1.09264,1.09137,1.09178,5323,0,0,1.0922065,1.0932300873191798,1.0911829126808203,0.0018743476058414423,0.2916640857069769,1.0924591649706124,0.0008985883830583625,1.0938070475452,1.0911112823960247,0.24806226320561894,0.24676118207564873
2024-01-03 17:00:00,2024.01.03,17:00:00,1.09158,1.0939,1.09123,1.09162,10947,0,0,1.0921119999999997,1.0929728042750735,1.091251195724926,0.0015764029240109706,0.21422075014812667,1.0924392444972209,0.0010757295447525435,1.0940528388143496,1.0908256501800921,0.24614297766039112,0.295411268911589
2024-01-03 17:15:00,2024.01.03,17:15:00,1.09164,1.09245,1.09102,1.09153,7560,0,0,1.0920415,1.0928487985816817,1.0912342014183185,0.0014785126420224937,0.18320271358908796,1.0923656656562157,0.0011111565902772712,1.0940324005416315,1.0906989307708,0.2493105641670865,0.3051606138526046
2024-01-03 17:30:00,2024.01.03,17:30:00,1.09152,1.09187,1.09046,1.09086,7512,0,0,1.0919455,1.0928314904062602,1.0910595095937399,0.001622774041854909,-0.11259128334249353,1.0922416340064174,0.0011410409312495352,1.0939531954032917,1.090530072609543,0.09638199104613235,0.3134034344756141
2024-01-03 17:45:00,2024.01.03,17:45:00,1.09086,1.09087,1.08979,1.09047,6860,0,0,1.091829,1.0928389881187344,1.0908190118812655,0.0018500848003385666,-0.17278019156442706,1.0920640180692982,0.0011349368381245787,1.093766423326485,1.0903616128121114,0.031833544754127925,0.31177755681329694
2024-01-03 18:00:00,2024.01.03,18:00:00,1.09046,1.09111,1.09025,1.09105,4854,0,0,1.0917675,1.092809438097962,1.090725561902038,0.0019087179238474262,0.1556897183223732,1.0919439528563493,0.001107443154312129,1.0936051175878174,1.090282788124881,0.230925886092253,0.3042582409331207
2024-01-03 18:15:00,2024.01.03,18:15:00,1.09105,1.09184,1.09101,1.09129,4661,0,0,1.091718,1.0927518781359447,1.0906841218640553,0.001894038819447308,0.293012355557362,1.0918902430605064,0.0010796988388809049,1.0935097913188279,1.090270694802185,0.3146881213874928,0.29665037646676723
2024-01-03 18:30:00,2024.01.03,18:30:00,1.0913,1.09158,1.0911,1.09117,3422,0,0,1.091687,1.0927472282772992,1.090626771722701,0.0019423667723424836,0.25618458257068427,1.091832442134109,0.001019728954992818,1.0933620355665983,1.0903028487016198,0.2834581006826816,0.28018830975557024
2024-01-03 18:45:00,2024.01.03,18:45:00,1.09117,1.09139,1.09067,1.09081,3274,0,0,1.0916299999999999,1.0927485168751452,1.0905114831248546,0.002049260051748859,0.1334431700490451,1.0917490349467336,0.0009897560594935417,1.0932336690359739,1.0902644008574933,0.18374869149944428,0.2719735107093915
2024-01-03 19:00:00,2024.01.03,19:00:00,1.09081,1.09098,1.09034,1.0904,3342,0,1,1.091521,1.0926723626709185,1.0903696373290814,0.0021096482264995947,0.013185537313964579,1.091637063364505,0.000954780453544185,1.0930692340448211,1.0902048926841887,0.06811594403266824,0.26238953007003046
2024-01-03 19:15:00,2024.01.03,19:15:00,1.0904,1.09095,1.09037,1.0909,2521,0,1,1.0914344999999999,1.0924960361510492,1.0903729638489505,0.001945212747167721,0.24824220566038355,1.0915516287583618,0.000917302408189769,1.0929275823706464,1.0901756751460772,0.2632083114779465,0.2521096714132967
2024-01-03 19:30:00,2024.01.03,19:30:00,1.0909,1.09103,1.09059,1.09089,2240,0,1,1.0913765,1.0924238447378893,1.0903291552621106,0.0019193096752392349,0.2677460045388386,1.0914835371305813,0.0008695721673707917,1.0927878953816375,1.0901791788795252,0.2724792517313281,0.23900649101592028
2024-01-03 19:45:00,2024.01.03,19:45:00,1.09089,1.09096,1.09032,1.09067,2387,0,1,1.0913249999999999,1.09240445356546,1.0902455464345397,0.0019782439978194054,0.196605754541814,1.0914041526419545,0.00084661495063371,1.092674075067905,1.090134230216004,0.2109458708058707,0.23271350450268738
2024-01-03 20:00:00,2024.01.03,20:00:00,1.09068,1.09149,1.09068,1.09118,2706,0,1,1.0912950000000001,1.0923553867219014,1.090234613278099,0.0019433548617032602,0.4457745001776819,1.0913767730252604,0.0008439534555703432,1.092642703208616,1.0901108428419048,0.4222812490580015,0.23198774513890505
2024-01-03 20:15:00,2024.01.03,20:15:00,1.09118,1.0914,1.09101,1.09106,2368,0,1,1.091242,1.0922360342046349,1.0902479657953652,0.001821840076967055,0.4084538544289911,1.0913558105149181,0.0007985581100132979,1.092553647679938,1.0901579733498983,0.3765230685953376,0.21951359098087514
2024-01-03 20:30:00,2024.01.03,20:30:00,1.09107,1.09107,1.09025,1.09041,2612,0,1,1.0911545,1.0921175051920857,1.0901914948079143,0.0017651124420706645,0.11344964382410463,1.0912816063388942,0.0008007022990119724,1.0924826597874122,1.090080552890376,0.13714922929970672,0.22011796800047598
2024-01-03 20:45:00,2024.01.03,20:45:00,1.09042,1.09079,1.09033,1.09058,2272,0,1,1.0910755,1.0919508393627524,1.0902001606372478,0.0016045440718855902,0.21696691529900108,1.091213516846301,0.0007666320691107657,1.0923634649499672,1.090063568742635,0.22454546240769757,0.21076500353286207
2024-01-03 21:00:00,2024.01.03,21:00:00,1.0906,1.0912,1.08925,1.08954,10103,0,1,1.0909775,1.0920560708136156,1.0898989291863843,0.0019772558345440127,-0.16639110842483587,1.0910976263530026,0.0008849688621996788,1.092425079646302,1.0897701730597031,-0.08669723479727338,0.24332438477323715
2024-01-03 21:15:00,2024.01.03,21:15:00,1.08955,1.09239,1.08954,1.0923,6584,0,1,1.091014,1.0922129895745931,1.0898150104254067,0.0021979361852243694,1.036284896570703,1.0911273762241451,0.001081471975979713,1.0927495841881147,1.0895051682601755,0.8614283131077284,0.2973452961254215
2024-01-03 21:30:00,2024.01.03,21:30:00,1.09231,1.09258,1.09141,1.09225,6229,0,1,1.091038,1.0923133446592914,1.0897626553407085,0.0023378556187620713,0.9751656703817353,1.091218102298036,0.0010903247783817533,1.0928535894656086,1.0895826151304635,0.8154710481450781,0.2997544054902179
2024-01-03 21:45:00,2024.01.03,21:45:00,1.09226,1.09254,1.09154,1.09178,5191,0,1,1.091038,1.0923133446592914,1.0897626553407085,0.0023378556187620713,0.7909017552997194,1.0912881243013977,0.0010812923005435891,1.092910062752213,1.0896661858505823,0.6516320481689807,0.2972521032158541
2024-01-03 22:00:00,2024.01.03,22:00:00,1.09177,1.09219,1.09152,1.09208,4057,0,1,1.091061,1.092392839329643,1.0897291606703572,0.0024413654775358477,0.8825536524263493,1.0913492553203121,0.0010401630704892251,1.092909499926046,1.0897890107145782,0.7341763198546966,0.2859294764032184
2024-01-03 22:15:00,2024.01.03,22:15:00,1.09209,1.09233,1.0915,1.09179,2936,0,1,1.091074,1.0924287752581088,1.0897192247418914,0.0024833792357047747,0.7642504709598497,1.0913991675120285,0.0010191467634403134,1.0929278876571888,1.0898704473668681,0.6278299658733679,0.2801395109445177
2024-01-03 22:30:00,2024.01.03,22:30:00,1.09178,1.09205,1.09165,1.09188,2920,0,1,1.0911250000000001,1.0925199121836102,1.08973008781639,0.0025568329634278334,0.7706263551465526,1.0914430563204067,0.0009572320870962777,1.0928789044510512,1.0900072081897623,0.6521552559312533,0.2631100399291827
2024-01-03 22:45:00,2024.01.03,22:45:00,1.09188,1.09222,1.09178,1.09206,2063,0,1,1.0912045000000001,1.0926220820963826,1.0897869179036177,0.002598196939954757,0.8017461924015102,1.0914980033375108,0.0009055088783866495,1.0928562666550907,1.0901397400199309,0.7068806008434981,0.24888058675814795
2024-01-03 23:00:00,2024.01.03,23:00:00,1.09205,1.09213,1.09179,1.09207,1081,0,15,1.0912555000000002,1.0927198015399788,1.0897911984600215,0.00268370063652128,0.7781189453682479,1.0915454950831447,0.0008489579905479853,1.0928189320689667,1.0902720580973226,0.7059406640042021,0.2333273311205507
2024-01-03 23:15:00,2024.01.03,23:15:00,1.09206,1.09232,1.09193,1.09221,703,0,3,1.0913015,1.0928238964660968,1.089779103533903,0.002790056581241508,0.798378254361428,1.0916033844403055,0.0008030621914931758,1.0928079777275452,1.0903987911530657,0.7517926864279848,0.22070164024956573
2024-01-03 23:30:00,2024.01.03,23:30:00,1.09222,1.09223,1.09185,1.09198,971,0,3,1.0913419999999998,1.0928911107126296,1.08979288928737,0.0028389097324757104,0.7059245975121677,1.0916430621126574,0.000760755972343863,1.0927841960711733,1.0905019281541415,0.6476329246133274,0.20906723051167606
2024-01-03 23:45:00,2024.01.03,23:45:00,1.09197,1.0923,1.09183,1.09212,673,0,2,1.0914075,1.0929718001630073,1.0898431998369928,0.0028665739661991275,0.7277376225002021,1.0916849927051027,0.0007316803751094737,1.0927825132677669,1.0905874721424385,0.6981772869208681,0.2010690941064691
2024-01-04 00:00:00,2024.01.04,00:00:00,1.09205,1.09215,1.09056,1.09171,111,0,14,1.091473,1.0929713871328812,1.0899746128671186,0.0027456238182370194,0.5790850357691961,1.091664834669696,0.0008175123375985244,1.0928911031760937,1.0904385661632983,0.5184157588930672,0.22466025605171439
2024-01-04 00:15:00,2024.01.04,00:15:00,1.09194,1.09218,1.09177,1.09192,801,0,8,1.0915240000000002,1.0930102893392557,1.0900377106607446,0.002723328739002609,0.6332176681689013,1.091692628193217,0.000782761103838669,1.0928667698489751,1.090518486537459,0.596824691325726,0.21510480613966576
2024-01-04 00:30:00,2024.01.04,00:30:00,1.09205,1.09218,1.09185,1.09203,420,0,8,1.0915810000000001,1.0930530312496634,1.090108968750337,0.0026970627917913908,0.6525103492546938,1.09172380646053,0.0007374849934547962,1.0928300339507122,1.0906175789703476,0.6383953762619327,0.2026570243565158
2024-01-04 00:45:00,2024.01.04,00:45:00,1.09204,1.09217,1.0919,1.09211,507,0,8,1.091653,1.093079928169175,1.090226071830825,0.0026142522746238983,0.6601341994194952,1.0917558248928605,0.0006907364941093159,1.0927919296340245,1.0907197201516965,0.6709166520855441,0.1898052142319789
2024-01-04 01:00:00,2024.01.04,01:00:00,1.09214,1.09257,1.09214,1.09247,621,0,3,1.0917175,1.0931694762394697,1.09026552376053,0.0026599852791034293,0.7591295847495884,1.0918165399824293,0.000667662844698397,1.0928180342494769,1.0908150457153818,0.826242515345171,0.18345467949471794
2024-01-04 01:15:00,2024.01.04,01:15:00,1.09248,1.09251,1.0922,1.09243,546,0,3,1.091786,1.0932367018990767,1.0903352981009231,0.0026574839741063025,0.721961520974748,1.0918702028412455,0.0006318965602285605,1.0928180476815883,1.0909223580009026,0.7952999979153048,0.17361859273682187
2024-01-04 01:30:00,2024.01.04,01:30:00,1.09243,1.09255,1.09237,1.09246,515,0,3,1.0918885,1.093220675288761,1.090556324711239,0.0024401306337798238,0.7144987993777817,1.091926373999222,0.0005867069042056893,1.0928064343555306,1.0910463136429134,0.8031757975193193,0.1611940836423531
2024-01-04 01:45:00,2024.01.04,01:45:00,1.09246,1.09276,1.09244,1.09258,448,0,3,1.0919884999999998,1.0932082913755987,1.090768708624401,0.002234073665792105,0.742459494235183,1.0919898939358041,0.0005600362137851079,1.0928299482564818,1.0911498396151265,0.8512308964257888,0.15385752658386245
2024-01-04 02:00:00,2024.01.04,02:00:00,1.0926,1.09265,1.09212,1.09239,660,0,3,1.092131,1.0926207713752207,1.0916412286247792,0.0008969095744389109,0.7644090825880355,1.092027681814934,0.000557032592406589,1.0928632307035437,1.091192132926324,0.716814473698164,0.15302705279799247
2024-01-04 02:15:00,2024.01.04,02:15:00,1.09239,1.09265,1.09238,1.09253,632,0,3,1.0921425,1.0926577426612634,1.0916272573387367,0.00094354475036609,0.8760364087960563,1.0920745692611307,0.0005283293331659293,1.0928670632608795,1.0912820752613819,0.7873401811330429,0.14513551034980512
2024-01-04 02:30:00,2024.01.04,02:30:00,1.09253,1.09257,1.09207,1.09213,477,0,3,1.0921365,1.0926493849773444,1.0916236150226557,0.0009392323713095631,0.4936632965604916,1.0920919118711816,0.0005254963998493309,1.0928801564709556,1.0913036672714076,0.5241600949942238,0.1443549926898423
2024-01-04 02:45:00,2024.01.04,02:45:00,1.09213,1.09233,1.09192,1.09224,1098,0,3,1.0921595,1.09264700282049,1.09167199717951,0.0008927319141389839,0.5825636248824482,1.092098713915196,0.0005139467598644,1.0928696340549926,1.0913277937753996,0.5916347086491396,0.1411814023720899
2024-01-04 03:00:00,2024.01.04,03:00:00,1.09224,1.09241,1.09199,1.09203,871,0,3,1.092157,1.0926466161761887,1.0916673838238113,0.0008966040160685703,0.3703065726008185,1.0921029633835901,0.0005045520838779687,1.0928597915094072,1.0913461352577731,0.4517965961483526,0.13860014141380594
2024-01-04 03:15:00,2024.01.04,03:15:00,1.09203,1.0923,1.09187,1.0919,1134,0,3,1.0921625,1.092637763085023,1.0916872369149768,0.0008703156994002326,0.2238371669587258,1.09209537956928,0.0004970968754901871,1.0928410248825153,1.0913497342560448,0.36898625538715074,0.13655314859575157
2024-01-04 03:30:00,2024.01.04,03:30:00,1.09191,1.09197,1.09161,1.09169,1202,0,3,1.092153,1.0926571864734258,1.091648813526574,0.0009232890875653351,0.04084448472619222,1.0920631211976026,0.0004833871879411822,1.0927882019795143,1.091338040415691,0.2427037049452372,0.13279100224839327
2024-01-04 03:45:00,2024.01.04,03:45:00,1.09169,1.092,1.09166,1.09177,1010,0,3,1.0921385,1.0926685669768865,1.0916084330231133,0.0009706955242153315,0.15240241698851098,1.0920390144168786,0.0004690484691470647,1.0927425871205991,1.091335441713158,0.3088225883010543,0.12885486588521888
2024-01-04 04:00:00,2024.01.04,04:00:00,1.09177,1.0919,1.09175,1.09188,772,0,3,1.092129,1.0926703279966763,1.0915876720033235,0.0009913261101507029,0.2700100479480664,1.0920203781232076,0.0004371436222323677,1.0926760935565563,1.091364662689859,0.39295804546587093,0.12009216063816981
2024-01-04 04:15:00,2024.01.04,04:15:00,1.09187,1.09189,1.09156,1.09183,915,0,3,1.0921100000000001,1.0926651216082857,1.0915548783917146,0.0010166038371327518,0.24780300764653265,1.0919955802067116,0.0004264292600091251,1.0926352240967252,1.091355936316698,0.3705684449608216,0.11715136976882326
2024-01-04 04:30:00,2024.01.04,04:30:00,1.09183,1.09201,1.09179,1.09188,704,0,3,1.092105,1.0926664801866368,1.0915435198133634,0.0010282531196848456,0.2996367411039902,1.091985842409247,0.0004057863340082013,1.0925945219102593,1.0913771629082347,0.41305571399149926,0.11148120742469687
2024-01-04 04:45:00,2024.01.04,04:45:00,1.09188,1.09199,1.09173,1.09194,620,0,3,1.0920960000000002,1.092661982331867,1.0915300176681333,0.0010365065559564135,0.36218651076465375,1.09197639710043,0.0003912077006073739,1.092563208651341,1.0913895855495188,0.46898740287788565,0.10747696607166599
2024-01-04 05:00:00,2024.01.04,05:00:00,1.09195,1.09232,1.09191,1.09229,814,0,3,1.092125,1.0926678627819124,1.0915821372180876,0.0009941403812061824,0.651972105564787,1.091995152932135,0.00039308693054663867,1.092584783327955,1.091405522536315,0.7500270253664281,0.10799139432747723
2024-01-04 05:15:00,2024.01.04,05:15:00,1.09228,1.0927,1.09221,1.09267,833,0,3,1.0921625000000001,1.0927456594978955,1.0915793405021048,0.0010678987749448195,0.9351296702115688,1.0920457732878046,0.00040277823749198497,1.0926499406440426,1.0914416059315666,1.0166008273620533,0.11064872389351793
2024-01-04 05:30:00,2024.01.04,05:30:00,1.09266,1.09308,1.09259,1.09259,1429,0,3,1.0921905,1.0927987589908794,1.0915822410091207,0.0011138331470184938,0.8283962966353647,1.0921131599588074,0.0004115004137427966,1.0927304105794216,1.0914959093381933,0.8862612893917376,0.11303785051677445
2024-01-04 05:45:00,2024.01.04,05:45:00,1.09259,1.0927,1.09252,1.09261,410,0,3,1.0922155,1.09284904478925,1.09158195521075,0.0011601095008266045,0.811343417777191,1.0921604780579686,0.00038835037236852385,1.0927430036165213,1.0915779524994158,0.885838814650742,0.10667398615056667
2024-01-04 06:00:00,2024.01.04,06:00:00,1.09261,1.09273,1.09244,1.09263,612,0,3,1.0922235,1.0928735238457055,1.0915734761542946,0.0011902762496969709,0.8126808367766994,1.092202337290543,0.00037851533513166163,1.0927701102932403,1.0916345642878456,0.8766141639575079,0.10396846505673701
2024-01-04 06:15:00,2024.01.04,06:15:00,1.09263,1.09267,1.09246,1.09251,531,0,0,1.0922275000000001,1.0928835144815368,1.0915714855184635,0.00120124146578735,0.7153153687539372,1.0922351305644595,0.00036166380161849985,1.0927776262668873,1.0916926348620317,0.7533378921809374,0.09933679795621594
2024-01-04 06:30:00,2024.01.04,06:30:00,1.09251,1.09286,1.09247,1.0928,574,0,0,1.0922445,1.0929401572431778,1.0915488427568223,0.0012738123070022726,0.8992627155453736,1.0922803562249872,0.0003644974214566389,1.092827102357172,1.0917336100928023,0.975214861544821,0.10011095211388066
2024-01-04 06:45:00,2024.01.04,06:45:00,1.0928,1.09282,1.09251,1.09259,819,0,3,1.092245,1.0929416347679994,1.0915483652320004,0.0012756016607986791,0.7476189933720578,1.0923146080130837,0.00035904767931095604,1.0928531795320502,1.0917760364941171,0.7556689104584846,0.09861106223713034
2024-01-04 07:00:00,2024.01.04,07:00:00,1.09259,1.0926,1.09227,1.09241,1513,0,3,1.0922459999999998,1.0929435213258285,1.0915484786741712,0.0012772238595127401,0.6175591296835535,1.0923252802658059,0.0003561429113798546,1.0928594946328756,1.0917910658987362,0.5792937624075216,0.09781232325588762
2024-01-04 07:15:00,2024.01.04,07:15:00,1.0924,1.09258,1.09232,1.09233,704,0,3,1.092236,1.0929225974075,1.0915494025924999,0.0012572326997097702,0.5684535063584731,1.0923333488119196,0.00034652862024188403,1.0928531417422824,1.0918135558815567,0.49677870578462086,0.09517111803429164
2024-01-04 07:30:00,2024.01.04,07:30:00,1.09233,1.09245,1.09216,1.09236,1119,0,3,1.0922475,1.0929343151133937,1.0915606848866064,0.0012576181010139828,0.5818997702628325,1.0923323949568162,0.00034087575821768577,1.0928437085941427,1.0918210813194897,0.5269942371653875,0.09361868963827566
2024-01-04 07:45:00,2024.01.04,07:45:00,1.09236,1.09269,1.09227,1.09265,1094,0,3,1.092268,1.0929768187356341,1.091559181264366,0.0012978842841392573,0.7694624032885822,1.0923518494053734,0.0003487881823959037,1.0928750316789673,1.0918286671317796,0.7849395035676674,0.09579006505616698
2024-01-04 08:00:00,2024.01.04,08:00:00,1.09265,1.09293,1.09263,1.09292,1133,0,3,1.0923125,1.0930662871052135,1.0915587128947866,0.0013801674982451538,0.9029652376633865,1.0923970700969252,0.0003439093641563101,1.0929129341431596,1.0918812060506908,1.006848564938642,0.09444625225672036
2024-01-04 08:15:00,2024.01.04,08:15:00,1.09292,1.09348,1.09289,1.09316,1531,0,1,1.0923755,1.0931890963372497,1.0915619036627502,0.0014895909643703209,0.982118689626759,1.0924713173892815,0.0003685184277406881,1.0930240950308925,1.0919185397476705,1.1229291480669785,0.10119764845304749
2024-01-04 08:30:00,2024.01.04,08:30:00,1.09315,1.0932,1.09205,1.09227,2973,0,1,1.0924045000000002,1.0931573738274019,1.0916516261725986,0.0013783792128312072,0.41067560386290536,1.0924746839871278,0.00044666658496661776,1.0931446838645777,1.0918046841096778,0.3472507279354109,0.12265728209000265
2024-01-04 08:45:00,2024.01.04,08:45:00,1.09227,1.09326,1.09225,1.09323,1731,0,1,1.0924775,1.0932529192414342,1.0917020807585658,0.0014195610279098753,0.9852213872124965,1.0925164601153379,0.0005029999264699515,1.0932709600050428,1.091761960225633,0.9728561888465915,0.1381214686001585
2024-01-04 09:00:00,2024.01.04,09:00:00,1.09323,1.09381,1.09294,1.0937,2978,0,1,1.0925685,1.0934604927129672,1.091676507287033,0.0016328362257691628,1.134254060347647,1.0926085432789565,0.000539699933822949,1.0934180931796909,1.0917989933782222,1.1741133066987743,0.14818663202190482
2024-01-04 09:15:00,2024.01.04,09:15:00,1.0937,1.09372,1.09294,1.09332,2736,0,0,1.092643,1.0935246597983272,1.0917613402016728,0.0016138112783905022,0.8839349379911154,1.092676935982548,0.0005637299404406544,1.0935225308932088,1.091831341071887,0.8802435476755297,0.15477491705278318
2024-01-04 09:30:00,2024.01.04,09:30:00,1.09331,1.09437,1.09326,1.09432,2474,0,0,1.092765,1.0938438048943098,1.0916861951056902,0.001974449939940942,1.2207049245891959,1.0928013547778608,0.0006183569463966056,1.0937288901974558,1.0918738193582658,1.3186454069874098,0.16975370968194847
2024-01-04 09:45:00,2024.01.04,09:45:00,1.09431,1.09432,1.09348,1.09376,2281,0,0,1.0928559999999998,1.093948051280841,1.0917639487191586,0.001998527309803345,0.9138999769790456,1.0929015432117153,0.0006405212517569403,1.0938623250893507,1.09194076133408,0.946749053176131,0.1758222199617214
2024-01-04 10:00:00,2024.01.04,10:00:00,1.09376,1.09447,1.09346,1.09433,2840,0,0,1.0929579999999999,1.0941914601736524,1.0917245398263473,0.0022571044333863817,1.056159018875067,1.0930144121121868,0.0006774691265812418,1.0940306158020585,1.091998208422315,1.1473052110149737,0.1859451583823144
2024-01-04 10:15:00,2024.01.04,10:15:00,1.09432,1.09488,1.09416,1.09429,3010,0,0,1.0930389999999999,1.0943930443124161,1.0916849556875836,0.002477577309531057,0.9619494312441426,1.093150499847534,0.0006817222139231231,1.0941730831684189,1.0921279165266493,1.0571673863602344,0.1870892106855201
2024-01-04 10:30:00,2024.01.04,10:30:00,1.0943,1.09431,1.09372,1.09404,2994,0,0,1.0931115,1.0945159539864258,1.0917070460135743,0.0025696445173721922,0.8305555073266822,1.0932336268461817,0.0006725499925307976,1.094242451834978,1.0922248018573855,0.8996595855443188,0.18455798724497674
2024-01-04 10:45:00,2024.01.04,10:45:00,1.09404,1.09563,1.09389,1.09534,3301,0,0,1.093248,1.0949334981459458,1.0915625018540542,0.0030834689767477515,1.120588045448761,1.0933974084163867,0.0007792949932777253,1.0945663509063033,1.09222846592647,1.3309183729611422,0.21381841239401542
2024-01-04 11:00:00,2024.01.04,11:00:00,1.09534,1.09578,1.09452,1.09505,3326,0,0,1.093369,1.0952007740035241,1.091537225996476,0.003350696797739973,0.9588448129425446,1.0935611472973656,0.0008273654939499567,1.0948021955382905,1.0923200990564408,1.0998367563556224,0.22697372597627355
2024-01-04 11:15:00,2024.01.04,11:15:00,1.09505,1.0958,1.095,1.09568,2559,0,0,1.0935275,1.0955708979054475,1.0914841020945525,0.0037372592924229107,1.0266962431207474,1.093745165015077,0.0008246289445549745,1.0949821084319094,1.0925082215982445,1.2821032710929452,0.2261849389414941
2024-01-04 11:30:00,2024.01.04,11:30:00,1.0957,1.09669,1.09563,1.09661,2478,0,0,1.093718,1.0961314672154365,1.0913045327845634,0.004413326315259619,1.099138032930975,1.093989435013641,0.000848166050099461,1.09526168408879,1.0927171859384919,1.5298946320915807,0.23258891437708418
2024-01-04 11:45:00,2024.01.04,11:45:00,1.09661,1.09691,1.09635,1.09676,3130,0,0,1.0939265,1.096618564449449,1.091234435550551,0.004921837892123516,1.0262689755774332,1.0942450443774212,0.0008193494450895265,1.0954740685450555,1.093016020209787,1.523151411017314,0.22463417567196298
2024-01-04 12:00:00,2024.01.04,12:00:00,1.09677,1.09723,1.09623,1.09624,2873,0,0,1.0941180000000001,1.0968948730615546,1.0913411269384456,0.005076002883700837,0.8820844440782718,1.0944661512621112,0.0008374145005805629,1.095722273012982,1.0932100295112404,1.206081530973841,0.22954053890517054
2024-01-04 12:15:00,2024.01.04,12:15:00,1.09623,1.09674,1.09592,1.0961,1979,0,0,1.0943065,1.0970841196643868,1.0915288803356133,0.005076493038077944,0.8228483767945953,1.094636359078418,0.0008356730505225109,1.0958898686542018,1.0933828495026343,1.0838172080444217,0.2290275789558239
2024-01-04 12:30:00,2024.01.04,12:30:00,1.09611,1.09651,1.09583,1.09589,1772,0,0,1.0944829999999999,1.0971911883243208,1.091774811675679,0.004948799249181503,0.7597677545842282,1.0947735312296798,0.0008201057454702613,1.096003689847885,1.0935433726114745,0.9537905737509965,0.22473298506286563
2024-01-04 12:45:00,2024.01.04,12:45:00,1.09589,1.09602,1.09543,1.09557,2460,0,0,1.094629,1.0972392406019347,1.0920187593980655,0.004769178601945681,0.6802515828047478,1.094859226668123,0.0007970951709232441,1.0960548694245078,1.0936635839117381,0.7972348254030622,0.21841031746582107
2024-01-04 13:00:00,2024.01.04,13:00:00,1.09556,1.0957,1.09531,1.0954,1354,0,0,1.0947529999999999,1.0972603101124487,1.092245689887551,0.004580595097613559,0.629022731729053,1.0949173955568732,0.0007563856538309087,1.0960519740376196,1.0937828170761268,0.7126800619421554,0.2072445803401159
2024-01-04 13:15:00,2024.01.04,13:15:00,1.09541,1.09564,1.09496,1.09549,1815,0,0,1.0948695000000002,1.0972847471923157,1.0924542528076846,0.004411936203018827,0.6284547606501972,1.094959865821298,0.0007487470884478193,1.0960829864539698,1.0938367451886262,0.7360094558324118,0.20514370758775094
2024-01-04 13:30:00,2024.01.04,13:30:00,1.09549,1.09579,1.09528,1.09553,1485,0,0,1.0950324999999999,1.0971450612417128,1.0929199387582869,0.003858444825542614,0.6177480657546845,1.095014481774825,0.0007248723796030385,1.0961017903442296,1.0939271732054205,0.7370616031551838,0.19859254603504373
2024-01-04 13:45:00,2024.01.04,13:45:00,1.09552,1.09554,1.09462,1.09479,1641,0,0,1.0951105,1.0970599971146398,1.0931610028853604,0.0035603660354633676,0.4177993140914678,1.0950115152565878,0.0007443851416427379,1.096128092969052,1.0938949375441236,0.4008061623856886,0.20393899003017607
2024-01-04 14:00:00,2024.01.04,14:00:00,1.0948,1.09513,1.09466,1.09499,2322,0,0,1.095175,1.097015896520717,1.093334103479283,0.0033618307954748077,0.4497527433187714,1.0950034344385,0.0007169466274784611,1.0960788543797177,1.0939280144972823,0.4937538639627178,0.19642311747984512
2024-01-04 14:15:00,2024.01.04,14:15:00,1.09499,1.09552,1.09487,1.09543,2057,0,0,1.0952804999999999,1.0969142622225978,1.093646737777402,0.002983276380065058,0.5457532919822009,1.0950291390951508,0.000710251964730619,1.0960945170422467,1.0939637611480548,0.6881308440548404,0.1945844012838386
2024-01-04 14:30:00,2024.01.04,14:30:00,1.09543,1.09556,1.09503,1.09552,2579,0,0,1.0953405,1.0969158536110946,1.0937651463889055,0.0028764637317701845,0.5569713360657128,1.0950616020384698,0.0006922267682575714,1.0960999421908562,1.0940232618860835,0.7207359315137415,0.18964050067201152
2024-01-04 14:45:00,2024.01.04,14:45:00,1.09552,1.0956,1.09512,1.09523,2000,0,0,1.095414,1.096815062453993,1.0940129375460073,0.002558051027269784,0.43433554675745994,1.0950858939078219,0.0006710040914317957,1.0960924000449694,1.0940793877706743,0.5715872893663959,0.18382231800208199
2024-01-04 15:00:00,2024.01.04,15:00:00,1.09523,1.09544,1.09481,1.09515,3509,0,0,1.095455,1.0967722623125211,1.094137737687479,0.002404959240719245,0.38422958848026495,1.0950904119483469,0.000666903682288607,1.0960907674717797,1.094090056424914,0.529783437116786,0.18269825258592257
2024-01-04 15:15:00,2024.01.04,15:15:00,1.09512,1.09554,1.0945,1.09485,5708,0,0,1.095483,1.0967214684089586,1.0942445315910414,0.0022610454182467126,0.24444241152175683,1.0950783092231076,0.0007042133140597392,1.0961346291941971,1.094021989252018,0.3919317870739662,0.19292135771348912
2024-01-04 15:30:00,2024.01.04,15:30:00,1.09486,1.09488,1.09326,1.09417,6824,0,0,1.0954895,1.0966986232360634,1.0942803767639366,0.0022074574627385653,-0.04564330609339289,1.0949854543764623,0.000795791982653783,1.096179142350443,1.0937917664024817,0.15843068111723863,0.21802809694132722
2024-01-04 15:45:00,2024.01.04,15:45:00,1.09417,1.095,1.09382,1.09471,4495,0,0,1.095458,1.0967130155377478,1.0942029844622523,0.0022913074490263636,0.20199572136679497,1.0949401730072754,0.0008342127843884007,1.096191492183858,1.0936888538306928,0.4080278590854987,0.22856393571638475
2024-01-04 16:00:00,2024.01.04,16:00:00,1.09471,1.09508,1.09393,1.09422,4504,0,0,1.0954165,1.0967734859984497,1.0940595140015503,0.002477570857203062,0.05913325510837774,1.094889680339916,0.000865791505949559,1.0961883675988402,1.0935909930809917,0.24217028183108613,0.23722705259602955
2024-01-04 16:15:00,2024.01.04,16:15:00,1.0942,1.09488,1.09406,1.09428,3784,0,0,1.0953465000000002,1.0967839459989819,1.0939090540010186,0.002624641606983099,0.12902954241207887,1.0948436790377019,0.0008612123553546074,1.0961354975707338,1.09355186050467,0.2818273142517324,0.23598227907154357
2024-01-04 16:30:00,2024.01.04,16:30:00,1.09429,1.09479,1.09382,1.09449,4441,0,0,1.0952405,1.0966001834190313,1.0938808165809688,0.0024828947049186996,0.2240166389118676,1.0947982492880795,0.0008720911198191382,1.0961063859678082,1.0934901126083507,0.3821800149570729,0.23897310405444702
2024-01-04 16:45:00,2024.01.04,16:45:00,1.09446,1.0947,1.09398,1.09454,5799,0,0,1.0951295,1.0963277566503002,1.0939312433497,0.0021883378181304686,0.25401763893721996,1.0947609557050877,0.0008568820078372298,1.0960462787168435,1.093475632693332,0.41404662366318573,0.234813454947879
2024-01-04 17:00:00,2024.01.04,17:00:00,1.09453,1.09614,1.0945,1.0961,5740,0,0,1.0951225,1.0962961076857232,1.0939488923142768,0.0021433359020989265,0.9164509196264122,1.0948389599236508,0.0009351938070534932,1.096241750634231,1.0934361692130705,0.9494754872691208,0.25625516846387575
2024-01-04 17:15:00,2024.01.04,17:15:00,1.0961,1.09652,1.09558,1.09648,4537,0,0,1.0951415,1.0963878430506842,1.0938951569493158,0.002276131533110858,1.0369709404104908,1.0949679478674301,0.0009356744263481381,1.0963714595069523,1.093564436227908,1.0386674716444122,0.2563566618101687
2024-01-04 17:30:00,2024.01.04,17:30:00,1.09647,1.09653,1.09559,1.09623,4373,0,0,1.0951585000000001,1.09645354092599,1.0938634590740104,0.002365029219039535,0.9136934897177021,1.0950773496578337,0.0009361069837133184,1.0964815101334036,1.0936731891822637,0.9104411006507498,0.25644955144194087
2024-01-04 17:45:00,2024.01.04,17:45:00,1.09623,1.09654,1.09532,1.09552,4868,0,0,1.0951559999999998,1.0964480433429216,1.093863956657078,0.002359560360207618,0.640862147541088,1.0951455385793099,0.0009644962853419865,1.096592283007323,1.0936987941512968,0.6294151936719312,0.26421044090448015
2024-01-04 18:00:00,2024.01.04,18:00:00,1.09552,1.0963,1.0954,1.0961,3300,0,0,1.0951910000000002,1.0965440691039223,1.0938379308960782,0.0024709280918526126,0.8359030212739879,1.0952205666511217,0.0009580466568078001,1.0966576366363334,1.09378349666591,0.8059813919740391,0.2624256755159222
2024-01-04 18:15:00,2024.01.04,18:15:00,1.0961,1.0964,1.09582,1.09598,2910,0,0,1.0952155,1.0966065496037123,1.0938244503962875,0.002540229943262109,0.7747925012737801,1.095301147604983,0.0009202419911270226,1.0966815105916736,1.0939207846182923,0.7458963336319562,0.25205177401831147
2024-01-04 18:30:00,2024.01.04,18:30:00,1.09598,1.09618,1.09549,1.09555,2844,0,0,1.0952164999999998,1.0966084809625092,1.0938245190374905,0.0025419283995618495,0.6197933050028925,1.095342943071175,0.0008972177920143061,1.0966887697591965,1.0939971163831534,0.5769255546304578,0.24573613159875385
2024-01-04 18:45:00,2024.01.04,18:45:00,1.09555,1.09596,1.09547,1.09561,2667,0,0,1.0952575,1.0966451148601064,1.0938698851398936,0.002533860503318009,0.6270165123386419,1.095375043731063,0.0008564960128128857,1.0966597877502824,1.0940902997118436,0.591440888387925,0.23457609821807096
2024-01-04 19:00:00,2024.01.04,19:00:00,1.09561,1.09599,1.09538,1.09553,2463,0,1,1.0952845,1.0966712584504839,1.0938977415495161,0.0025322342286115806,0.5885157757337769,1.095399642740803,0.0008318464115315971,1.0966474123581005,1.0941518731235056,0.5522361088897155,0.22781997886641564
2024-01-04 19:15:00,2024.01.04,19:15:00,1.09554,1.09588,1.09451,1.09459,3727,0,1,1.0952425,1.0966596361966967,1.093825363803303,0.0025878035169322067,0.2697821841256858,1.0953609466067582,0.0008856617703784246,1.0966894392623259,1.0940324539511905,0.20984159997903007,0.24256710259446704
2024-01-04 19:30:00,2024.01.04,19:30:00,1.09458,1.0949,1.09416,1.09471,2523,0,1,1.095202,1.0966313439054296,1.0937726560945704,0.0026101922849476023,0.3278930640376343,1.0952875231204002,0.0008710955933405784,1.096594166510411,1.0939808797303894,0.27900507329878216,0.23859367744614024
2024-01-04 19:45:00,2024.01.04,19:45:00,1.09471,1.09506,1.09441,1.09505,2322,0,1,1.0951929999999999,1.0966237913894024,1.0937622086105974,0.0026128570752415275,0.4500276556530371,1.0952449018708383,0.0008489860340065023,1.0965183809218482,1.0939714228198285,0.42347660894629213,0.23254690322402613
2024-01-04 20:00:00,2024.01.04,20:00:00,1.09505,1.09521,1.09492,1.0951,1897,0,1,1.0951905,1.0966217578384025,1.0937592421615974,0.0026137148530827993,0.46838445262210776,1.095228879470441,0.0007930874306058644,1.0964185106163498,1.0940392483245323,0.44583217206262904,0.21723881979517518
2024-01-04 20:15:00,2024.01.04,20:15:00,1.0951,1.09545,1.0949,1.09492,2424,0,1,1.095194,1.0966222492779583,1.0937657507220417,0.0026082123860398433,0.4040783691514266,1.0952156528542085,0.000768778687545283,1.0963688208855265,1.0940624848228906,0.37180842419350946,0.21058282509251836
2024-01-04 20:30:00,2024.01.04,20:30:00,1.09493,1.09513,1.09477,1.09482,1961,0,1,1.0952264999999999,1.0965880913483816,1.0938649086516181,0.0024864105249129075,0.35072613729402097,1.095186225598252,0.0007279008187907462,1.0962780768264382,1.094094374370066,0.33229143824815016,0.19939097162944747
2024-01-04 20:45:00,2024.01.04,20:45:00,1.09481,1.09508,1.09459,1.09469,2031,0,1,1.0952255,1.0965886357232455,1.0938623642767544,0.0024892329903668867,0.3035778863145657,1.0951481723666725,0.0007041107369116818,1.0962043384720401,1.0940920062613049,0.2830964446103484,0.19288095109270892
2024-01-04 21:00:00,2024.01.04,21:00:00,1.09469,1.09477,1.09447,1.09459,1981,0,1,1.0952439999999999,1.0965613215249088,1.093926678475091,0.002405530685233486,0.25176902994690525,1.0950969178555607,0.0006636996632205104,1.0960924673503916,1.09410136836073,0.24540800924873932,0.18181943143084195
2024-01-04 21:15:00,2024.01.04,21:15:00,1.09459,1.09474,1.09432,1.09444,1627,0,1,1.095252,1.0965475709166186,1.0939564290833812,0.0023657951167743926,0.18662464185324215,1.0950400685359836,0.0006393296968984681,1.0959990630813312,1.094081073990636,0.18713662716092033,0.17515241184366462
2024-01-04 21:30:00,2024.01.04,21:30:00,1.09445,1.09462,1.09433,1.09448,1233,0,1,1.0952514999999998,1.0965482540244733,1.0939547459755263,0.002367956628178076,0.20252646784220674,1.0949864112150962,0.0006043967272086115,1.0958930063059091,1.0940798161242833,0.22070706083229127,0.16559019939012443
2024-01-04 21:45:00,2024.01.04,21:45:00,1.09447,1.095,1.09443,1.09469,1690,0,1,1.095259,1.0965408564662193,1.0939771435337806,0.0023407366955566977,0.27805627424175755,1.0949597688771504,0.0006009570544877463,1.095861204458882,1.0940583332954188,0.35036707967958497,0.16465181778432086
2024-01-04 22:00:00,2024.01.04,22:00:00,1.09468,1.09476,1.09443,1.09461,1278,0,1,1.0951845,1.0964349955017867,1.0939340044982133,0.0022836252737081027,0.27029105695338895,1.0949255051745648,0.0005738613490389659,1.0957862971981231,1.0940647131510064,0.31673553777807917,0.1572329842514975
2024-01-04 22:15:00,2024.01.04,22:15:00,1.09461,1.09461,1.09428,1.09448,1526,0,1,1.0950845,1.096219109624492,1.093949890375508,0.002072186437652924,0.23360881709830816,1.0948808538880983,0.0005494752141350856,1.095705066709301,1.0940566410668957,0.256826223891102,0.15055753660787552
2024-01-04 22:30:00,2024.01.04,22:30:00,1.09449,1.09479,1.09443,1.09448,1440,0,1,1.0949969999999998,1.0960301330988744,1.0939638669011251,0.0018870062637151522,0.24979022520765923,1.094850931295581,0.0005305276927215686,1.0956467228346634,1.0940551397564986,0.266941920487873,0.1453698428407396
2024-01-04 22:45:00,2024.01.04,22:45:00,1.09449,1.09494,1.09438,1.09492,1817,0,1,1.094967,1.0959721089493137,1.0939618910506863,0.0018358707601484163,0.4766194500445839,1.0948410013309224,0.0005334749234494233,1.0956412137160965,1.0940407889457484,0.5493610637257736,0.1461787390500106
2024-01-04 23:00:00,2024.01.04,23:00:00,1.09485,1.09495,1.09462,1.09487,898,0,2,1.0949055,1.0957658830542214,1.0940451169457788,0.0015716115303490833,0.4793696541174871,1.094838366283533,0.0005131274311044973,1.0956080574301899,1.0940686751368762,0.520549616949847,0.14060361243451086
2024-01-04 23:15:00,2024.01.04,23:15:00,1.09486,1.09493,1.09466,1.09471,419,0,1,1.094842,1.0955497174577413,1.0941342825422589,0.0012928211700706227,0.406742444632272,1.0948315377485933,0.0004888146879940469,1.0955647597805844,1.0940983157166022,0.4171207742740595,0.13394243894342034
2024-01-04 23:30:00,2024.01.04,23:30:00,1.09472,1.09479,1.0945,1.09467,534,0,1,1.0947980000000002,1.0954294934678936,1.0941665065321067,0.0011536255416862008,0.39865295010326374,1.094814565899521,0.0004689332191946323,1.095517965728313,1.094111166070729,0.3972377489988715,0.1284966149886846
2024-01-04 23:45:00,2024.01.04,23:45:00,1.09466,1.09478,1.09429,1.09435,838,0,4,1.094735,1.0952746109709715,1.0941953890290286,0.0009858293942761273,0.1432615155071986,1.094782067559884,0.00047103989727517926,1.0954886274057969,1.0940755077139712,0.1942456025604507,0.12907771635091872
2024-01-05 00:00:00,2024.01.05,00:00:00,1.09443,1.0947,1.09405,1.09456,584,0,20,1.0946865000000001,1.0950883594281502,1.09428464057185,0.0007342000255782369,0.34260665404508234,1.0947491722367204,0.0004889359075476653,1.095482576098042,1.0940157683753988,0.3710313330096541,0.1339857348004471
2024-01-05 00:15:00,2024.01.05,00:15:00,1.09449,1.09493,1.09422,1.09452,1760,0,4,1.094683,1.0950893545250064,1.0942766454749937,0.000742414973113439,0.2994362189056707,1.0947308383729057,0.0005110423167928977,1.0954974018480952,1.0939642748977163,0.36247820322139424,0.14004601831237012
2024-01-05 00:30:00,2024.01.05,00:30:00,1.0945,1.095,1.09448,1.09464,1744,0,8,1.0946795,1.0950860697971976,1.0942729302028025,0.0007428106531593101,0.45142285497811224,1.094728536305645,0.0005119380851136155,1.0954964434333154,1.0939606291779744,0.4423522048079876,0.1402917896453007
2024-01-05 00:45:00,2024.01.05,00:45:00,1.09465,1.09482,1.09425,1.09471,2078,0,8,1.0946625,1.0950324662146649,1.0942925337853353,0.0006759457178167431,0.5641950509494716,1.0947156598320915,0.0005177442766022499,1.095492276246995,1.093939043417188,0.49635609550427406,0.14188459038259685
2024-01-05 01:00:00,2024.01.05,01:00:00,1.09473,1.09488,1.09459,1.09462,405,0,3,1.0946384999999998,1.094949387439427,1.0943276125605728,0.0005680184634965567,0.4702464659974464,1.0947138509591938,0.0004949698489420373,1.0954563057326068,1.0939713961857809,0.436796851098095,0.13564362463531554
2024-01-05 01:15:00,2024.01.05,01:15:00,1.09462,1.0947,1.09441,1.09443,315,0,2,1.094614,1.0949091203144377,1.0943188796855623,0.0005392226199147465,0.1882627338776152,1.0946947540424452,0.00047447286404782367,1.095406463338517,1.0939830447463734,0.3140012755864797,0.13002881277061232
2024-01-05 01:30:00,2024.01.05,01:30:00,1.09443,1.09459,1.09433,1.09448,294,0,3,1.094597,1.0948816822790304,1.0943123177209697,0.0005201590704712966,0.29450775721154465,1.0946730314352282,0.000453025577643034,1.0953525698016928,1.0939934930687636,0.35796869996275676,0.12415366907754578
2024-01-05 01:45:00,2024.01.05,01:45:00,1.09448,1.09471,1.09447,1.09463,246,0,3,1.094594,1.0948759503502286,1.0943120496497716,0.0005151688210030169,0.5638410272779429,1.094666393520762,0.0004317230198787324,1.09531397805058,1.0940188089909437,0.47190056348927895,0.11831632607909887
2024-01-05 02:00:00,2024.01.05,02:00:00,1.09462,1.09487,1.09442,1.09487,1035,0,3,1.094608,1.094914502854789,1.094301497145211,0.0005600230489619281,0.9274022181299056,1.094671498899737,0.0004335507178908653,1.0953218249765733,1.0940211728229008,0.6526165929164852,0.11881666371872956
2024-01-05 02:15:00,2024.01.05,02:15:00,1.09486,1.09505,1.09484,1.09493,646,0,3,1.0946325,1.094959050149278,1.0943059498507217,0.0005966388706313433,0.9555196202752719,1.0946970704330954,0.00041119564610178313,1.0953138639022482,1.0940802769639426,0.6888229841542601,0.1126875161744526
2024-01-05 02:30:00,2024.01.05,02:30:00,1.09493,1.09507,1.09485,1.09502,550,0,3,1.0946595,1.0950188034928763,1.0943001965071235,0.0006564662214622609,1.0016650368665296,1.094724016106134,0.0003920760814915935,1.0953121302283715,1.0941359019838965,0.7516381452803972,0.10744518501190038
2024-01-05 02:45:00,2024.01.05,02:45:00,1.09502,1.09516,1.09477,1.09508,1316,0,3,1.0946789999999997,1.0950824302913675,1.094275569708632,0.0007370750537240621,0.9969879661747217,1.0947506177468196,0.0003918684733424233,1.0953384204568333,1.094162815036806,0.7801809583123538,0.10738568227044835
2024-01-05 03:00:00,2024.01.05,03:00:00,1.09508,1.09546,1.09499,1.09538,1127,0,3,1.0947175,1.0952216378779587,1.0942133621220413,0.0009210373963304064,1.1570623126778112,1.0948007176439478,0.00039968162600820023,1.09540024008296,1.0942011952049355,0.9831198286811138,0.10952174753821585
2024-01-05 03:15:00,2024.01.05,03:15:00,1.09538,1.09553,1.09511,1.09517,1022,0,3,1.0947520000000002,1.0952802650849645,1.0942237349150359,0.0009650863117204362,0.8956347030090651,1.094845411201667,0.00040171346340736673,1.0954479813967781,1.0942428410065559,0.7693369178947801,0.11007402304399427
2024-01-05 03:30:00,2024.01.05,03:30:00,1.09517,1.09559,1.09501,1.09548,1253,0,3,1.094802,1.0954022199596745,1.0942017800403256,0.0010964904332918801,1.0647929472120021,1.0948944196586512,0.00041954211706663255,1.095523732834251,1.0942651064830513,0.9652535208647207,0.1149541296951875
2024-01-05 03:45:00,2024.01.05,03:45:00,1.09548,1.09558,1.09507,1.09516,1230,0,3,1.094814,1.095432494947426,1.094195505052574,0.0011298630587952667,0.7797112583052976,1.09493018921497,0.0004285879053599704,1.09557307107301,1.0942873073569301,0.6787348500784204,0.1174288305085244
2024-01-05 04:00:00,2024.01.05,04:00:00,1.09516,1.09534,1.09504,1.09527,489,0,3,1.094834,1.095483535218438,1.0941844647815622,0.00118654557391881,0.8356246032728066,1.0949574727817983,0.0004157291148239701,1.0955810664540342,1.0943338791095625,0.7505856233924597,0.113902811339619
2024-01-05 04:15:00,2024.01.05,04:15:00,1.09527,1.09541,1.09513,1.09521,692,0,3,1.094859,1.0955257803236382,1.0941922196763618,0.001218020445807552,0.76320512735349,1.0949853325168653,0.00040215620334157885,1.0955885668218777,1.0943820982118528,0.6862190870677881,0.11018125761116003
2024-01-05 04:30:00,2024.01.05,04:30:00,1.09522,1.09523,1.09485,1.09487,689,0,3,1.0948689999999999,1.0955301172361924,1.0942078827638073,0.0012076645446944874,0.5007562955141655,1.0949851421184336,0.00039994058300740347,1.0955850529929447,1.0943852312439224,0.4040339796079076,0.1095742492634262
2024-01-05 04:45:00,2024.01.05,04:45:00,1.09487,1.09502,1.09464,1.09468,760,0,3,1.0948855,1.095509406242949,1.094261593757051,0.0011396739530278666,0.3353117937812697,1.0949656047738208,0.00039794652470666786,1.0955625245608807,1.0943686849867609,0.26076787868986034,0.10902986988037715
2024-01-05 05:00:00,2024.01.05,05:00:00,1.09467,1.09474,1.09435,1.09439,828,0,3,1.0948769999999999,1.09552266554809,1.0942313344519097,0.0011794302886811978,0.12286976481834175,1.0949206265413933,0.0003971518722360123,1.0955163543497473,1.0943248987330394,0.054640110842281764,0.10881661992900783
2024-01-05 05:15:00,2024.01.05,05:15:00,1.09439,1.09449,1.09404,1.09407,995,0,3,1.0948544999999998,1.0955753460307103,1.0941336539692894,0.001316788725278896,-0.04415226454571583,1.0948519954422131,0.0004024366850124172,1.0954556504697317,1.0942483404146945,-0.14771716176003816,0.11027153076973872
2024-01-05 05:30:00,2024.01.05,05:30:00,1.09408,1.09421,1.094,1.09407,884,0,3,1.094826,1.0956198866417766,1.0940321133582236,0.0014502517144760658,0.023861493431687267,1.094779741908034,0.00038319301651115766,1.0953545314328008,1.0942049523832673,-0.11739286943510412,0.10500550983250376
2024-01-05 05:45:00,2024.01.05,05:45:00,1.09407,1.09409,1.09389,1.09392,722,0,3,1.0947865,1.0956727793013445,1.0939002206986557,0.001619090665338747,0.011158616315608272,1.094702306170761,0.0003648737148600397,1.095249616743051,1.094154995598471,-0.21468212964335662,0.09999258596694444
2024-01-05 06:00:00,2024.01.05,06:00:00,1.09391,1.09399,1.09374,1.09381,751,0,3,1.094746,1.0957278839035203,1.0937641160964797,0.0017938113562785804,0.023365238678281247,1.0946208166941807,0.0003533863433740441,1.0951508962092418,1.0940907371791195,-0.264806666870736,0.09685171467175142
2024-01-05 06:15:00,2024.01.05,06:15:00,1.09381,1.09409,1.09374,1.09397,442,0,3,1.0947230000000001,1.0957537492420528,1.0936922507579474,0.001883123387473742,0.13473172267368108,1.0945553420883858,0.00035304770903664694,1.0950849136519407,1.0940257705248309,-0.05265626845252615,0.0967646939705253
2024-01-05 06:30:00,2024.01.05,06:30:00,1.09397,1.09413,1.09384,1.09386,637,0,3,1.094692,1.0957855008001793,1.0935984991998207,0.001997823680413005,0.11957046585448591,1.0944970555402855,0.0003467429381329946,1.095017169947485,1.093976941133086,-0.11241866353554249,0.0950417188546605
2024-01-05 06:45:00,2024.01.05,06:45:00,1.09384,1.09387,1.0936,1.09371,605,0,3,1.094646,1.0958204683903765,1.0934715316096235,0.002145841469071267,0.10152184270365955,1.0944236851713696,0.00033906864431969443,1.0949322881378492,1.09391508220489,-0.20161326064370066,0.09294443703490361
2024-01-05 07:00:00,2024.01.05,07:00:00,1.09371,1.09376,1.09338,1.09352,816,0,3,1.0945785000000001,1.0958452639874872,1.093311736012513,0.002314615146354584,0.08220315289358429,1.094340794520128,0.00034316177988772973,1.0948555371899595,1.0938260518502965,-0.29728626383021856,0.09407355960941809
2024-01-05 07:15:00,2024.01.05,07:15:00,1.09352,1.09364,1.09343,1.09352,805,0,3,1.0945079999999998,1.0958437335063531,1.0931722664936465,0.002440792586903519,0.13016574964226313,1.0942635759944015,0.0003298456018989611,1.09475834439725,1.093768807591553,-0.2514384408144986,0.09042947489115491
2024-01-05 07:30:00,2024.01.05,07:30:00,1.09353,1.09369,1.09353,1.09357,609,0,3,1.0944355,1.0958090716217204,1.0930619283782794,0.0025101006349309224,0.18494544211830788,1.0942000608203315,0.00031386104170906537,1.0946708523828952,1.0937292692577678,-0.16915050144546104,0.08605219089655901
2024-01-05 07:45:00,2024.01.05,07:45:00,1.09357,1.09381,1.09345,1.09373,1099,0,3,1.094368,1.0957409326276246,1.0929950673723754,0.00250908767000609,0.26765065263844884,1.094148943916808,0.0003184749375381504,1.094626656323115,1.0936712315105008,0.06151032370455061,0.08732127540095497
2024-01-05 08:00:00,2024.01.05,08:00:00,1.09374,1.09374,1.09315,1.09318,1226,0,3,1.094258,1.0956414681058837,1.0928745318941162,0.002528595826365894,0.11039940298757477,1.094073488940604,0.00034562744378432227,1.0945919301062805,1.0935550477749276,-0.36170717118713736,0.09477264021422581
2024-01-05 08:15:00,2024.01.05,08:15:00,1.09319,1.09321,1.09273,1.09288,1732,0,1,1.0941435,1.0955839759630064,1.0927030240369935,0.0026330658876215947,0.061429682810262454,1.0939655376129276,0.00035906469940589364,1.0945041346620363,1.0934269405638188,-0.5077456000954936,0.09846691336986445
2024-01-05 08:30:00,2024.01.05,08:30:00,1.09288,1.09292,1.09245,1.09258,1909,0,1,1.0939985,1.0954553908675675,1.0925416091324327,0.002663423885073691,0.013175615422556733,1.0938402483164582,0.00037015822946530135,1.0943954856606561,1.0932850109722603,-0.6348735181695928,0.10152073761273753
2024-01-05 08:45:00,2024.01.05,08:45:00,1.09258,1.09284,1.09254,1.09279,1555,0,1,1.09388,1.095325212787102,1.0924347872128979,0.0026423607472521285,0.12289290209447691,1.0937338754609225,0.0003631424065187679,1.0942785890707007,1.0931891618511442,-0.36639606940130776,0.09960624279808543
2024-01-05 09:00:00,2024.01.05,09:00:00,1.09279,1.09314,1.0925,1.09302,2473,0,1,1.0937674999999998,1.0951089600254962,1.0924260399745034,0.00245291622853376,0.2213856597318019,1.0936531889090886,0.0003908281658668885,1.094239431157889,1.0930669466602883,-0.04004032495459013,0.10720807194556818
2024-01-05 09:15:00,2024.01.05,09:15:00,1.09302,1.09336,1.09286,1.09304,2532,0,0,1.0936590000000002,1.0948598813430173,1.092458118656983,0.002196080026803787,0.24227262185414264,1.0935992344098102,0.00040174534928021636,1.0942018524337305,1.09299661638589,0.03599594800353135,0.11020820149814253
2024-01-05 09:30:00,2024.01.05,09:30:00,1.09303,1.0932,1.09241,1.09243,1441,0,0,1.093537,1.094716560935267,1.092357439064733,0.0021573315493978594,0.030757603569905097,1.0935116882755427,0.0004405708143521794,1.094172544497071,1.0928508320540145,-0.3183991012759697,0.12086861596703946
2024-01-05 09:45:00,2024.01.05,09:45:00,1.09243,1.09284,1.09225,1.09234,1586,0,0,1.09342,1.0945869961439565,1.0922530038560436,0.0021345798393232855,0.037273535309861085,1.093413114788983,0.00045551373291697055,1.0940963853883585,1.0927298441896074,-0.28527803623013986,0.12497940442344642
2024-01-05 10:00:00,2024.01.05,10:00:00,1.09233,1.09259,1.09204,1.09228,2932,0,0,1.0933145,1.0944931004412057,1.0921358995587942,0.0021560135554879556,0.06113201563809737,1.0933074213170164,0.00046496235962527853,1.0940048648564544,1.0926099777775784,-0.23656235875693418,0.12758415900952394
2024-01-05 10:15:00,2024.01.05,10:15:00,1.09229,1.09247,1.09164,1.0917,2257,0,0,1.093196,1.094515126984036,1.091876873015964,0.0024133403050066466,-0.06704169428138641,1.0931768732550784,0.0005014661236627616,1.0939290724405726,1.0924246740695842,-0.48170357237771944,0.13761710550176792
2024-01-05 10:30:00,2024.01.05,10:30:00,1.09169,1.09173,1.09107,1.09114,2390,0,0,1.0930495,1.0945814592031167,1.0915175407968833,0.0028030920889066083,-0.12322155711303108,1.0929993932625313,0.0005173195112964958,1.093775372529476,1.0922234139955864,-0.6980946796761786,0.14199079555361696
2024-01-05 10:45:00,2024.01.05,10:45:00,1.09115,1.09148,1.09034,1.09077,2354,0,0,1.0928920000000002,1.0946626902608916,1.0911213097391088,0.0032403755556658534,-0.09920135296049552,1.09279595898356,0.0005795875601668382,1.0936653403238104,1.0919265776433098,-0.6651728014871094,0.15911137538592485
2024-01-05 11:00:00,2024.01.05,11:00:00,1.09076,1.09154,1.09027,1.09147,2449,0,0,1.092775,1.0945961150430485,1.0909538849569516,0.0033330100762709496,0.14170303106837784,1.092633804159729,0.0006486288041501426,1.0936067473659543,1.0916608609535037,-0.09808432408105787,0.17809136098869713
2024-01-05 11:15:00,2024.01.05,11:15:00,1.09148,1.09235,1.09135,1.09224,2153,0,0,1.0926885,1.094437262705463,1.0909397372945369,0.0032008439833732883,0.3717664784939807,1.0925715370968978,0.0006837659237351173,1.0935971859825004,1.0915458882112952,0.33837690385491676,0.1877495158491712
2024-01-05 11:30:00,2024.01.05,11:30:00,1.09222,1.09306,1.0917,1.09173,2992,0,0,1.092582,1.0942914045747043,1.0908725954252956,0.003129109896931059,0.25079041772565663,1.092532660547987,0.0007513893313616084,1.0936597445450293,1.0914055765509447,0.14392159320277692,0.2063249983715807
2024-01-05 11:45:00,2024.01.05,11:45:00,1.09172,1.09174,1.09101,1.09128,2434,0,0,1.0924605,1.0941773514787312,1.090743648521269,0.0031430911758020164,0.15620206097486694,1.0924193912894484,0.0007492503982254374,1.0935432668867866,1.0912955156921103,-0.006902762257215946,0.20575899810998363
2024-01-05 12:00:00,2024.01.05,12:00:00,1.09128,1.09134,1.09069,1.09103,2205,0,0,1.092336,1.0940882374268412,1.0905837625731587,0.003208238906053219,0.1273336078791756,1.0922861159285486,0.0007393253584028976,1.093395103966153,1.0911771278909443,-0.06633430026090927,0.20305815874287464
2024-01-05 12:15:00,2024.01.05,12:15:00,1.09103,1.09113,1.09038,1.09049,1841,0,0,1.0921845000000001,1.0940228957680613,1.090346104231939,0.0033664564330682556,0.03913623240462999,1.0921318826655122,0.0007403928225626108,1.093242471899356,1.0910212934316683,-0.23919439135452675,0.20338005903340609
2024-01-05 12:30:00,2024.01.05,12:30:00,1.09048,1.09114,1.09037,1.09099,1500,0,0,1.0920555,1.0938484247056213,1.0902625752943789,0.0032835779969446637,0.20285980313071889,1.0920082113005427,0.0007433535403063435,1.0931232416110022,1.0908931809900833,0.04341541615884601,0.20421646997168483
2024-01-05 12:45:00,2024.01.05,12:45:00,1.09099,1.09139,1.09084,1.09128,1578,0,0,1.091933,1.093580435582968,1.0902855644170322,0.003017466425078958,0.3018131917414249,1.091928381652872,0.0007240181862757141,1.0930144089322855,1.0908423543734584,0.20148924195436174,0.19891914115641868
2024-01-05 13:00:00,2024.01.05,13:00:00,1.09128,1.09145,1.09104,1.09116,1148,0,0,1.091832,1.093407355198052,1.0902566448019477,0.002885709885865566,0.28671476730108686,1.0918605992732335,0.000692616367648145,1.0928995238247057,1.0908216747217614,0.16282475842885488,0.1903035153322088
2024-01-05 13:15:00,2024.01.05,13:15:00,1.09116,1.0916,1.091,1.09119,1432,0,0,1.0917474999999999,1.0932693262055933,1.0902256737944065,0.0027878721143732954,0.3168319095995623,1.0918037168027668,0.0006833547308833239,1.0928287488990918,1.0907786847064418,0.2006353240220417,0.18776856692275865
2024-01-05 13:30:00,2024.01.05,13:30:00,1.0912,1.09166,1.0911,1.0916,1245,0,0,1.0916985000000001,1.0931723015470312,1.090224698452969,0.0027000157040263924,0.46658301784298856,1.091770346948535,0.000671019257795003,1.0927768758352274,1.0907638180618424,0.4153790066101414,0.18438472697224678
2024-01-05 13:45:00,2024.01.05,13:45:00,1.0916,1.09176,1.09126,1.09142,1281,0,0,1.0916299999999999,1.0930194459327487,1.090240554067251,0.002545635302710281,0.4244303088554271,1.0917426948581983,0.0006539173320155194,1.0927235708562215,1.090761818860175,0.3355068026699688,0.17968995856676898
2024-01-05 14:00:00,2024.01.05,14:00:00,1.09143,1.09191,1.0914,1.09173,2011,0,0,1.0915655,1.0928022291538704,1.0903287708461296,0.0022659733270617446,0.5665060734944719,1.0917367239193223,0.0006395255988139685,1.0926960123175433,1.0907774355211013,0.49649536086609347,0.17573621500560685
2024-01-05 14:15:00,2024.01.05,14:15:00,1.09173,1.09179,1.09136,1.09158,1870,0,0,1.0914925,1.0925285477788371,1.0904564522211628,0.0018984056763324455,0.5422277822448631,1.0917214803714503,0.0006185730389325647,1.0926493399298491,1.0907936208130515,0.423759813557079,0.16998100249582065
2024-01-05 14:30:00,2024.01.05,14:30:00,1.09158,1.09199,1.09137,1.09186,1971,0,0,1.091464,1.092423883326261,1.090504116673739,0.0017588914087151887,0.7062750696705012,1.091723244145598,0.0006187157350393147,1.092651317748157,1.090795170543039,0.5736772676353558,0.17001994004172796
2024-01-05 14:45:00,2024.01.05,14:45:00,1.09186,1.09209,1.09141,1.09177,2236,0,0,1.0914355,1.0923205870013926,1.0905504129986074,0.001621876879380521,0.6889644743813974,1.0917264272428426,0.0006248441615353847,1.0926636934851457,1.0907891610005396,0.5232445996615677,0.17170349987223932
2024-01-05 15:00:00,2024.01.05,15:00:00,1.09177,1.09221,1.09159,1.09218,3380,0,0,1.0914305,1.0922973904198536,1.0905636095801463,0.0015885398472072403,0.9322922383468496,1.0917518468705085,0.0006243597453818306,1.0926883864885812,1.0908153072524358,0.7285824973280308,0.17156639043154284
2024-01-05 15:15:00,2024.01.05,15:15:00,1.0922,1.09281,1.09191,1.09207,4347,0,0,1.0914490000000001,1.0923530995520594,1.0905449004479408,0.0016566959190200891,0.8434356308359645,1.091800559866968,0.0006519237708436598,1.0927784455232334,1.0908226742107026,0.6377666863736862,0.17913265338215148
2024-01-05 15:30:00,2024.01.05,15:30:00,1.09207,1.09207,1.08769,1.09167,16806,0,0,1.0914755,1.0923728622457145,1.0905781377542856,0.0016443103774925986,0.608373179799323,1.0916744748002727,0.001024731393759299,1.0932115718909117,1.0901373777096337,0.49854439895175756,0.28160355969121714
2024-01-05 15:45:00,2024.01.05,15:45:00,1.09168,1.09254,1.09053,1.09215,10856,0,0,1.0915445,1.0924263497604654,1.0906626502395345,0.001615783434327155,0.8433124479619075,1.0916807152954848,0.0011232582543833757,1.09336560267706,1.0899958279139097,0.6392629292755498,0.3086776853283665
2024-01-05 16:00:00,2024.01.05,16:00:00,1.09217,1.09394,1.09216,1.09259,9777,0,0,1.0916005,1.0925917714058382,1.0906092285941618,0.0018161798310612942,0.9991064980651098,1.0917965201879782,0.0011899324289450339,1.0935814188313957,1.0900116215445608,0.7222758740245534,0.32696543914797477
2024-01-05 16:15:00,2024.01.05,16:15:00,1.09257,1.09487,1.09247,1.09458,8816,0,0,1.0917175000000001,1.0933366216754872,1.090098378324513,0.0029661916667765354,1.3839669196383608,1.0920038357256312,0.0013109391860505264,1.093970244504707,1.0900374269465554,1.1550429142153353,0.3601468629950673
2024-01-05 16:30:00,2024.01.05,16:30:00,1.09458,1.095,1.09358,1.09405,8919,0,0,1.0918335,1.0937455175208481,1.0899214824791517,0.003502397610713065,1.0796233496377021,1.0922139466089045,0.0013218452674454715,1.0941967145100726,1.0902311787077363,0.9630026010643488,0.3630731702930942
2024-01-05 16:45:00,2024.01.05,16:45:00,1.09405,1.0955,1.09402,1.09495,5726,0,0,1.0920169999999998,1.0943412986038865,1.089692701396113,0.004256890879696417,1.1309430283819166,1.0924624596302788,0.001337660740700917,1.09446895074133,1.0904559685192274,1.119873259348239,0.36733364947485503
2024-01-05 17:00:00,2024.01.05,17:00:00,1.09496,1.09988,1.09496,1.0985,15659,0,0,1.0923905,1.0960037227996662,1.088777277200334,0.0066152585539074864,1.345436378925278,1.0929688920464427,0.001696894666630813,1.0955142340463888,1.0904235500464965,1.5865156732718777,0.46576659564030903
2024-01-05 17:15:00,2024.01.05,17:15:00,1.09851,1.09922,1.09719,1.09817,11149,0,0,1.0927745,1.0970667836579173,1.0884822163420826,0.007855753694686945,1.1285115838101507,1.0934664578832893,0.0017302051999677295,1.096061765683241,1.0908711500833377,1.4061626749625575,0.4746936280012827
2024-01-05 17:30:00,2024.01.05,17:30:00,1.09817,1.09939,1.09761,1.09896,8435,0,0,1.093173,1.098153329707963,1.0881926702920368,0.009111695418681467,1.080985631407801,1.0939604460213888,0.001735184679970968,1.0965632230413451,1.0913576690014324,1.4604268710454091,0.4758448131141081
2024-01-05 17:45:00,2024.01.05,17:45:00,1.09892,1.09928,1.09756,1.09783,6993,0,0,1.0935005,1.0987915773005144,1.0882094226994856,0.009677320313094267,0.9091321817939806,1.094366435289193,0.0017336662119738658,1.0969669346071538,1.0917659359712324,1.1659422455690398,0.4752520242040307
2024-01-05 18:00:00,2024.01.05,18:00:00,1.09783,1.09802,1.09683,1.09761,5700,0,0,1.093823,1.0992875662224935,1.0883584337775065,0.009991682790530958,0.8465050880353302,1.0946636001822858,0.0016792995907764815,1.0971825495684506,1.092144650796121,1.0848469671318317,0.4602234669619697
2024-01-05 18:15:00,2024.01.05,18:15:00,1.09761,1.09808,1.09623,1.09631,5655,0,0,1.094079,1.099505770310232,1.088652229689768,0.009920253126569427,0.7055550421761358,1.094874050958576,0.0016963696316988242,1.0974186054061241,1.0923294965110277,0.7821611938403548,0.46481226682108473
2024-01-05 18:30:00,2024.01.05,18:30:00,1.0963,1.09703,1.09628,1.09686,3893,0,0,1.094342,1.099772549143504,1.0889114508564959,0.009924775149823454,0.7318365908733206,1.0950501730895053,0.0016017326685289447,1.0974527720922986,1.0926475740867119,0.8766394034939868,0.43881076170507166
2024-01-05 18:45:00,2024.01.05,18:45:00,1.09686,1.09697,1.09528,1.09561,4397,0,0,1.0945515000000001,1.0998363132417346,1.0892666867582657,0.009656582155767845,0.6001454499508911,1.0951361883508222,0.0016105594016760471,1.0975520274533361,1.0927203492483082,0.5980635773062773,0.4411942785220186
2024-01-05 19:00:00,2024.01.05,19:00:00,1.0956,1.09565,1.09439,1.09492,5062,0,1,1.094711,1.09983569277128,1.08958630722872,0.00936264049832335,0.5203914663110332,1.0951219481904264,0.0015755034615084465,1.0974852033826892,1.0927586929981636,0.45727330017348783,0.4315967178208418
2024-01-05 19:15:00,2024.01.05,19:15:00,1.09492,1.09544,1.0945,1.09455,3588,0,1,1.0948594999999999,1.0997807619316602,1.0899382380683396,0.00898975974846145,0.46855481334890614,1.0950941436008619,0.001511953115357596,1.0973620732738982,1.0928262139278255,0.38003516878601934,0.41419811918252064
2024-01-05 19:30:00,2024.01.05,19:30:00,1.09455,1.09514,1.09429,1.09502,4319,0,1,1.0950175,1.0997424037027232,1.0902925962972767,0.008629823181315862,0.5002645556563075,1.0950677172261767,0.001445757803821838,1.0972363539319094,1.092899080520444,0.48899833567087553,0.3960735343793974
2024-01-05 19:45:00,2024.01.05,19:45:00,1.09502,1.09516,1.09451,1.09462,3363,0,1,1.09516,1.0996506391527272,1.0906693608472726,0.008200882341808127,0.43987492853082755,1.095038728284001,0.001366182023439636,1.0970880013191606,1.0929894552488415,0.3978349207702008,0.3742832070187888
2024-01-05 20:00:00,2024.01.05,20:00:00,1.09461,1.09462,1.09372,1.09399,4242,0,1,1.0952505000000001,1.0995668386104438,1.0909341613895565,0.007881920365146915,0.3539850422126007,1.094950277971239,0.0013195638210956623,1.0969296237028825,1.0929709322395955,0.2574254068182293,0.3615407514779371
2024-01-05 20:15:00,2024.01.05,20:15:00,1.09398,1.09459,1.09352,1.09452,3116,0,1,1.095373,1.099453975863688,1.0912920241363118,0.007451298988907273,0.39549068305085516,1.0948797753073116,0.0012946074389860866,1.0968216864657907,1.0929378641488325,0.4073656624967691,0.3547259164475889
2024-01-05 20:30:00,2024.01.05,20:30:00,1.09452,1.0954,1.09448,1.09508,3221,0,1,1.0955435,1.0992600590268424,1.0918269409731576,0.006784868016363431,0.43764393399211826,1.094889955436774,0.001257146695087481,1.0967756754794051,1.0930042353941427,0.5503904500481834,0.3444583692210345
2024-01-05 20:45:00,2024.01.05,20:45:00,1.09508,1.09563,1.09498,1.0954,2363,0,1,1.0957059999999998,1.0990835932259528,1.0923284067740469,0.006165145077152066,0.45470147239036174,1.0949324993634304,0.001196432025578737,1.0967271474017986,1.0931378513250622,0.6302485575373934,0.32780980369319945
2024-01-05 21:00:00,2024.01.05,21:00:00,1.0954,1.09598,1.09535,1.09566,2679,0,1,1.0958595,1.0989209406739313,1.0927980593260687,0.005587286826333715,0.46741730099513545,1.0950021025986592,0.001139788823020854,1.0967117858331905,1.0932924193641278,0.6924033025688705,0.312270310801036
2024-01-05 21:15:00,2024.01.05,21:15:00,1.09565,1.09571,1.09514,1.09536,2679,0,1,1.0958985,1.0989132654966849,1.0928837345033153,0.005501906420502955,0.4106895709479913,1.0950403150495804,0.0010828099407187645,1.0966645299606586,1.0934161001385023,0.5984121461510451,0.2966493358748302
2024-01-05 21:30:00,2024.01.05,21:30:00,1.09536,1.09567,1.09473,1.09491,2415,0,1,1.0959415,1.0988729588518347,1.0930100411481651,0.005349663009996003,0.3240637081850479,1.0950463167908902,0.0010685289466468822,1.0966491102108604,1.0934435233709199,0.4574752462820102,0.2927352743703792
2024-01-05 21:45:00,2024.01.05,21:45:00,1.09491,1.09491,1.09429,1.09452,2744,0,1,1.09592,1.0988863310671604,1.0929536689328396,0.005413408035550728,0.26401824875531066,1.0950012707473133,0.0010236760519822005,1.0965367848252867,1.09346575666934,0.3432867681849546,0.28045886685143523
2024-01-05 22:00:00,2024.01.05,22:00:00,1.09452,1.09473,1.09421,1.09433,1921,0,1,1.0957115,1.098504271204378,1.092918728795622,0.0050976396695262246,0.25266502357331694,1.094946229088839,0.000973308446783988,1.0964061917590149,1.093486266418663,0.28895724478876,0.2666729436368407
2024-01-05 22:15:00,2024.01.05,22:15:00,1.09432,1.09433,1.09384,1.094,2083,0,1,1.095503,1.098149258490776,1.0928567415092239,0.0048311296103726665,0.21601413746261813,1.094861508858156,0.0009249776021055994,1.0962489752613143,1.0934740424549976,0.18953883993343956,0.2534505765218378
2024-01-05 22:30:00,2024.01.05,22:30:00,1.094,1.09413,1.09353,1.09397,2228,0,1,1.0952535,1.0974520292811347,1.0930549707188655,0.004014649176897623,0.20810031710435023,1.0947677143637284,0.000892479841895055,1.096106434126571,1.093428994600886,0.20206073523761775,0.2445669058884431
2024-01-05 22:45:00,2024.01.05,22:45:00,1.09398,1.09419,1.09376,1.09393,1963,0,1,1.0950585,1.0969831015171996,1.0931338984828003,0.0035150661214896598,0.20682242793774008,1.0946907891862305,0.0008462318577055426,1.095960136972789,1.0934214413996721,0.20032279794129781,0.23190983227364348
2024-01-05 23:00:00,2024.01.05,23:00:00,1.09386,1.09392,1.09363,1.09377,947,0,0,1.0948665,1.0964748068737058,1.0932581931262941,0.002937904984225627,0.15911356286331138,1.0946034124383357,0.000791608671934985,1.095790825446238,1.0934159994304333,0.14906379128856878,0.21695766602029742
2024-01-05 23:15:00,2024.01.05,23:15:00,1.09376,1.09397,1.0937,1.09381,667,0,0,1.0947415,1.0962681469794981,1.093214853020502,0.0027890547302684954,0.19491964661459715,1.0945294366505578,0.000739447804741508,1.0956386083576701,1.0934202649434455,0.17568743146592652,0.2026755370794929
2024-01-05 23:30:00,2024.01.05,23:30:00,1.09382,1.09389,1.09376,1.09385,596,0,3,1.094591,1.0958163146534714,1.0933656853465288,0.0022388538796158743,0.19762868749636936,1.0944631410965364,0.0006785030242673535,1.0954808956329374,1.0934453865601355,0.19877751726626927,0.18598242337906026
2024-01-05 23:45:00,2024.01.05,23:45:00,1.09384,1.09417,1.09382,1.09408,710,0,1,1.0945145,1.095664516956402,1.093364483043598,0.0021014193167875703,0.3110897419462854,1.094421254642898,0.0006456527218406255,1.0953897337256588,1.093452775560137,0.32381930132904907,0.17698469920101903
2024-01-08 00:00:00,2024.01.08,00:00:00,1.09331,1.09433,1.09326,1.0943,79,0,39,1.0944835,1.095621485500792,1.093345514499208,0.0020794932053192707,0.4193750711796513,1.0943776430896062,0.0006880874496565756,1.0954097742640911,1.0933455119151212,0.46238700490523416,0.18862431647837752
2024-01-08 00:15:00,2024.01.08,00:15:00,1.0943,1.09439,1.09404,1.0942,351,0,8,1.0944660000000002,1.0956101048903022,1.0933218951096981,0.0020907088759304234,0.38375191721718893,1.0943616770810722,0.0006542787046909253,1.0953430951381087,1.0933802590240358,0.4176308811963442,0.17935899576712566
2024-01-08 00:30:00,2024.01.08,00:30:00,1.0942,1.09448,1.09415,1.09438,190,0,8,1.0944340000000001,1.0955497849255182,1.093318215074482,0.002039017292076297,0.4758017881559273,1.094359295136843,0.000621850834221827,1.0952920713881757,1.0934265188855103,0.5110985153874146,0.17046983663917487
2024-01-08 00:45:00,2024.01.08,00:45:00,1.09438,1.09453,1.0942,1.09445,167,0,8,1.0944255,1.095538073143669,1.093312926856331,0.0020331637807579797,0.5110105120455619,1.0943625368698422,0.0005926657507996385,1.0952515354960417,1.0934735382436427,0.5491919377489,0.16246876080796316
2024-01-08 01:00:00,2024.01.08,01:00:00,1.09448,1.09462,1.09381,1.09391,1022,0,3,1.0944215,1.0955408618717883,1.0933021381282115,0.0020455772694312102,0.2715216084755619,1.0943388031996986,0.0006143991757196724,1.0952604019632781,1.093417204436119,0.2673590630519504,0.16843024498170517
2024-01-08 01:15:00,2024.01.08,01:15:00,1.09392,1.09402,1.09353,1.09356,551,0,3,1.0943735,1.095552589055167,1.0931944109448333,0.0021548201873799713,0.15503029799351556,1.0942782822600448,0.0006019592581477153,1.0951812211472662,1.0933753433728233,0.10225311468478218,0.16502911587656055
2024-01-08 01:30:00,2024.01.08,01:30:00,1.09356,1.09375,1.09346,1.09374,536,0,3,1.0943065,1.0954695696453844,1.0931434303546157,0.002125674379864094,0.25646342321447213,1.0942184458543263,0.000570763332332934,1.0950745908528257,1.0933623008558269,0.22058129454419592,0.15648520672322433
2024-01-08 01:45:00,2024.01.08,01:45:00,1.09373,1.09421,1.09371,1.09415,482,0,1,1.0942440000000002,1.0952941695101344,1.093193830489866,0.00191944303123279,0.455245320353924,1.0941998637094699,0.0005636869990996351,1.0950453942081193,1.0933543332108204,0.47051335844800535,0.15454772508981818
2024-01-08 02:00:00,2024.01.08,02:00:00,1.09415,1.09441,1.09399,1.09441,554,0,3,1.0941815,1.095013203673201,1.0933497963267989,0.0015202298214712412,0.637368637029541,1.0942065433561872,0.0005493182991896803,1.0950305208049718,1.0933825659074026,0.6234600801957905,0.1506072969107395
2024-01-08 02:15:00,2024.01.08,02:15:00,1.09436,1.09468,1.09436,1.09461,621,0,3,1.094144,1.094811125175673,1.093476874824327,0.0012194467559533504,0.8492597918599277,1.0942392535127408,0.0005263864692707221,1.095028833216647,1.0934496738088346,0.7347745803401459,0.1443157337614094
2024-01-08 02:30:00,2024.01.08,02:30:00,1.09461,1.09488,1.09448,1.09476,859,0,3,1.0941365,1.094771614950239,1.0935013850497612,0.00116094280784678,0.9908560251694842,1.09428376905121,0.0005137478223436677,1.0950543907847254,1.0935131473176944,0.8089913819439637,0.14084495362362157
2024-01-08 02:45:00,2024.01.08,02:45:00,1.09476,1.09493,1.09472,1.09484,713,0,3,1.0941524999999999,1.0948394606975775,1.0934655393024222,0.0012556946085260996,1.0003925278581434,1.0943357910463327,0.0004833730401093053,1.0950608506064967,1.0936107314861687,0.8477017484972356,0.13251134909345216
2024-01-08 03:00:00,2024.01.08,03:00:00,1.09483,1.09506,1.09468,1.0949,864,0,3,1.094181,1.0949387044278716,1.0934232955721286,0.0013849709104279569,0.9744594155399758,1.0943876204704914,0.00047303573609835725,1.095097174074639,1.093678066866344,0.8610576611221434,0.1296713506028947
2024-01-08 03:15:00,2024.01.08,03:15:00,1.0949,1.09522,1.09482,1.09505,1049,0,3,1.0942335,1.0950746723961327,1.0933923276038675,0.0015374641630558235,0.9853345186753572,1.0944487994733019,0.0004657321624885393,1.0951473977170347,1.093750201229569,0.930290608437389,0.1276621152253187
2024-01-08 03:30:00,2024.01.08,03:30:00,1.09504,1.09525,1.09496,1.09521,1218,0,3,1.0942954999999999,1.0952277118857934,1.0933632881142064,0.0017037662784750744,0.9905000751099187,1.094514628094892,0.00044815894623969775,1.0951868665142517,1.0938423896755325,1.017206310352194,0.12283772223852134
2024-01-08 03:45:00,2024.01.08,03:45:00,1.0952,1.0953,1.0947,1.09479,1107,0,3,1.0943384999999999,1.0952786122273506,1.0933983877726492,0.0017181379022134136,0.7401309050475884,1.09455418732395,0.00046334305161572137,1.0952492019013735,1.0938591727465263,0.6696458489576909,0.12699500590698534
2024-01-08 04:00:00,2024.01.08,04:00:00,1.09479,1.09479,1.0943,1.09434,1003,0,3,1.0943669999999999,1.0952702851155718,1.093463714884428,0.001650790119899297,0.48505455280159127,1.0945468044042088,0.0004660087464541372,1.09524581752389,1.0938477912845277,0.35207401807918365,0.12772649225569044
2024-01-08 04:15:00,2024.01.08,04:15:00,1.09435,1.09453,1.09422,1.09425,633,0,3,1.094389,1.095257720898801,1.093520279101199,0.0015875906991041897,0.4199973200875201,1.09452647382603,0.0004504078718087267,1.0952020856337432,1.093850862018317,0.29539002806510917,0.12345280335732188
2024-01-08 04:30:00,2024.01.08,04:30:00,1.09425,1.09428,1.09393,1.094,693,0,3,1.0943964999999998,1.095248914805135,1.0935440851948646,0.0015577805761169822,0.2674254379375786,1.0944830001283128,0.00044036708462783907,1.0951435507552545,1.093822449501371,0.13439582931821784,0.12070550695885865
2024-01-08 04:45:00,2024.01.08,04:45:00,1.094,1.09404,1.09359,1.09371,837,0,3,1.094378,1.0952721275076933,1.0934838724923068,0.0016340377962518308,0.1264514880414069,1.0944160477351401,0.00044133037616503915,1.0950780432993876,1.0937540521708926,-0.033272255338088405,0.12097694759090705
2024-01-08 05:00:00,2024.01.08,05:00:00,1.09371,1.09383,1.09352,1.09375,905,0,3,1.0943505,1.0952854326179005,1.0934155673820996,0.0017086529734311859,0.17885386149617552,1.0943478527127457,0.0004281973385485385,1.0949901487205684,1.093705556704923,0.03459720637816081,0.11738424966623931
2024-01-08 05:15:00,2024.01.08,05:15:00,1.09375,1.09393,1.09371,1.09374,598,0,3,1.0943275,1.0952980642688737,1.0933569357311261,0.0017738095202282018,0.19734101138830604,1.094295041343278,0.00040737760469369556,1.0949061077503184,1.0936839749362375,0.04584204197527275,0.11168220341935373
2024-01-08 05:30:00,2024.01.08,05:30:00,1.09374,1.09374,1.09313,1.0933,982,0,3,1.0942735,1.0953416437169288,1.093205356283071,0.001952242683257652,0.04430289455852921,1.0942088469296325,0.000427639844224326,1.094850306695969,1.093567387163296,-0.20842083738410216,0.11724631328587701
2024-01-08 05:45:00,2024.01.08,05:45:00,1.09331,1.09347,1.0931,1.0933,1009,0,3,1.0942159999999999,1.095360996069869,1.0930710039301308,0.002092815440222158,0.0999986270238177,1.0941213376982388,0.0004218758598018915,1.0947541514879418,1.093488523908536,-0.14895685871863482,0.11567524878624669
2024-01-08 06:00:00,2024.01.08,06:00:00,1.09329,1.09342,1.09303,1.0932,866,0,3,1.0941804999999998,1.095402669791811,1.0929583302081887,0.0022339454812274795,0.09886915608229725,1.0940351785523748,0.00041868827382171364,1.0946632109631074,1.0934071461416421,-0.16491676074531594,0.11481027722776273
2024-01-08 06:15:00,2024.01.08,06:15:00,1.0932,1.09362,1.0932,1.0936,656,0,0,1.0941825,1.0954007261694843,1.0929642738305159,0.0022267330531866364,0.26092288337280284,1.0939816694838946,0.000418819446439551,1.094609898653554,1.0933534403142353,0.19623387266329603,0.11485186400896472
2024-01-08 06:30:00,2024.01.08,06:30:00,1.09359,1.09371,1.09341,1.0936,489,0,3,1.0941755,1.0954053695052792,1.0929456304947207,0.0022480296904459247,0.26603208814849527,1.0939427803266983,0.0004069375017955926,1.0945531865793918,1.0933323740740049,0.21921951553913727,0.11159747359202672
2024-01-08 06:45:00,2024.01.08,06:45:00,1.0936,1.09373,1.09336,1.0934,685,0,3,1.0941379999999998,1.0954135798681446,1.092862420131855,0.002331661761395271,0.21071979950840714,1.0939002933114572,0.00040324375161603147,1.0945051589388812,1.0932954276840332,0.08644260082365111,0.11058880432200291
2024-01-08 07:00:00,2024.01.08,07:00:00,1.0934,1.0936,1.09327,1.09355,808,0,3,1.0940949999999998,1.095388854705914,1.0928011452940856,0.0023651597090092813,0.2893890258664355,1.0938596304563977,0.0003959193764544225,1.0944535095210792,1.0932657513917161,0.23931522862851426,0.1085841451948948
2024-01-08 07:15:00,2024.01.08,07:15:00,1.09355,1.09367,1.09346,1.09359,584,0,3,1.094044,1.0953330368497516,1.0927549631502484,0.0023564625367015735,0.32389952618986323,1.0938323640637249,0.00037732743880896237,1.0943983552219383,1.0932663729055114,0.28589412554621146,0.10348773300338306
2024-01-08 07:30:00,2024.01.08,07:30:00,1.09359,1.09359,1.09317,1.09347,1209,0,3,1.0939795,1.0952477030594578,1.0927112969405424,0.002318513389798876,0.2991252283297537,1.0937921389147987,0.00038159469492807485,1.0943645309571908,1.0932197468724065,0.21860290592752132,0.10466194115456322
2024-01-08 07:45:00,2024.01.08,07:45:00,1.09347,1.09376,1.09341,1.09375,833,0,3,1.093925,1.0951328493283594,1.0927171506716407,0.0022082854461857593,0.42755718950568994,1.0937776494943416,0.0003784352254352746,1.0943453023324945,1.0932099966561888,0.4756457710740835,0.10379675218547077
2024-01-08 08:00:00,2024.01.08,08:00:00,1.09375,1.09407,1.09361,1.09403,1283,0,3,1.0938815,1.0950055155692953,1.0927574844307046,0.002055095674065813,0.5660578038492862,1.0937896193837693,0.00038659170289175986,1.094369506938107,1.0932097318294316,0.7072648519809337,0.10603274049435414
2024-01-08 08:15:00,2024.01.08,08:15:00,1.09402,1.09437,1.09392,1.09432,1105,0,3,1.0938450000000002,1.0948566619989004,1.0928333380011,0.0018497355638143196,0.7347622034415381,1.0938290207122991,0.00039293253260259004,1.094418419511203,1.0932396219133953,0.9165085580543438,0.10776799440191036
2024-01-08 08:30:00,2024.01.08,08:30:00,1.09433,1.09446,1.09404,1.0943,1209,0,1,1.0937995,1.0946265060459386,1.0929724939540615,0.001512171190311478,0.8025975459659482,1.0938707012793818,0.00039563927934233977,1.0944641601983953,1.0932772423603683,0.8616920286006113,0.10850622807968412
2024-01-08 08:45:00,2024.01.08,08:45:00,1.0943,1.09467,1.09428,1.09455,1159,0,1,1.0937875,1.0945619643310178,1.093013035668982,0.0014161147956397566,0.9922757378624619,1.0939306344908692,0.00039507535140811706,1.0945232475179814,1.0933380214637571,1.0225716283600141,0.10834563151034168
2024-01-08 09:00:00,2024.01.08,09:00:00,1.09455,1.09523,1.09417,1.09509,3125,0,1,1.093825,1.0947590342606237,1.0928909657393764,0.0017078312538544315,1.177170021127062,1.0940162883488818,0.00046156781626728924,1.0947086400732826,1.093323936624481,1.2754090971950025,0.12657064282758862
2024-01-08 09:15:00,2024.01.08,09:15:00,1.09509,1.09512,1.09442,1.09465,2255,0,1,1.093845,1.0948303019841745,1.0928596980158254,0.0018015385802825248,0.9085042012141732,1.0940842608870835,0.0004854110346405748,1.0948123774390444,1.0933561443351227,0.8884948854636131,0.13310063547947473
2024-01-08 09:30:00,2024.01.08,09:30:00,1.09466,1.09476,1.09394,1.0945,2059,0,0,1.0938700000000001,1.0948943632168417,1.0928456367831585,0.0018729158251741581,0.8075081131585133,1.0941143312787898,0.0005188699311765217,1.0948926361755547,1.0933360263820249,0.7477619778658321,0.142271218740955
2024-01-08 09:45:00,2024.01.08,09:45:00,1.09451,1.09486,1.0944,1.09453,2102,0,0,1.0939109999999999,1.0949714697072608,1.092850530292739,0.001938859207487492,0.7918518066861878,1.0941602679823972,0.00051298293805886,1.0949297423894855,1.0933907935753089,0.740249717337507,0.14065113303870747
2024-01-08 10:00:00,2024.01.08,10:00:00,1.09453,1.09455,1.093,1.09323,3624,0,0,1.093885,1.0949847545180713,1.0927852454819287,0.0020107315084699332,0.20220627001888933,1.094106274206296,0.0006166846442529681,1.0950313011726753,1.0931812472399165,0.02635207505044186,0.16909270848491648
2024-01-08 10:15:00,2024.01.08,10:15:00,1.09323,1.09358,1.09294,1.09325,2589,0,0,1.0938605,1.0949934161487145,1.0927275838512853,0.002071408829031819,0.23056258369495053,1.0940253592025218,0.0006190161798276687,1.0949538834722632,1.0930968349327803,0.08247768648114696,0.16974456065959484
2024-01-08 10:30:00,2024.01.08,10:30:00,1.09325,1.09397,1.09316,1.09339,2869,0,0,1.0938649999999999,1.0949896599486146,1.092740340051385,0.0020563048431292167,0.2888250574830051,1.0939759599133927,0.0006381145618449218,1.0949331317561601,1.0930187880706252,0.193910807228492,0.17498955696306576
2024-01-08 10:45:00,2024.01.08,10:45:00,1.09339,1.0936,1.09316,1.09338,1760,0,0,1.0938690000000002,1.0949861374132213,1.0927518625867791,0.0020425433268902557,0.28113704088101266,1.0939192018264028,0.0006183031056604291,1.0948466564848933,1.0929917471679123,0.20931095042406755,0.1695654774030952
2024-01-08 11:00:00,2024.01.08,11:00:00,1.09338,1.09344,1.09273,1.09311,2319,0,0,1.0938645,1.0949930472963143,1.0927359527036857,0.0020634133319333173,0.16572070020277088,1.0938405476842057,0.0006274727950943851,1.0947817568768472,1.0928993384915642,0.1119100355600153,0.17209257686308435
2024-01-08 11:15:00,2024.01.08,11:15:00,1.09311,1.09319,1.09249,1.09266,1986,0,0,1.0938174999999999,1.0950588520854367,1.092576147914563,0.002269760879555965,0.03377449734876052,1.0937395431428527,0.0006347255155849611,1.09469163141623,1.0927874548694754,-0.06693437627547251,0.17409780588923748
2024-01-08 11:30:00,2024.01.08,11:30:00,1.09266,1.09341,1.09225,1.09326,2371,0,0,1.0938005,1.0950624425502054,1.0925385574497946,0.0023074455537465876,0.2858460355774193,1.0936665707800413,0.0006872529640264699,1.094697450226081,1.0926356913340016,0.30280391581998406,0.18851804993991447
2024-01-08 11:45:00,2024.01.08,11:45:00,1.09325,1.09425,1.09324,1.0937,2143,0,0,1.0938155,1.095065115540884,1.0925658844591162,0.002284874443420988,0.45378578601924957,1.0936726116581326,0.0007195276676238185,1.0947519031595683,1.0925933201566969,0.512688111520797,0.19737012519667643
2024-01-08 12:00:00,2024.01.08,12:00:00,1.09374,1.09411,1.09354,1.09366,2558,0,0,1.093821,1.0950668555293526,1.0925751444706473,0.0022779879511412478,0.4353857665649589,1.0936818867383105,0.0007045749008614327,1.0947387490896026,1.0926250243870184,0.4896454167926289,0.19326686564115655
2024-01-08 12:15:00,2024.01.08,12:15:00,1.09366,1.09403,1.09342,1.09374,1658,0,0,1.0938284999999999,1.0950705028180396,1.09258649718196,0.00227092787953462,0.4643720615144763,1.0936864689537096,0.0006951174107752894,1.0947291450698726,1.0926437928375465,0.5256700261282217,0.1906718508020922
2024-01-08 12:30:00,2024.01.08,12:30:00,1.09375,1.0943,1.09367,1.09403,1790,0,0,1.0938564999999998,1.0950901332518288,1.0926228667481708,0.0022555668898598933,0.5703207374408218,1.0937163290533563,0.0006886056696977735,1.0947492375579029,1.0926834205488096,0.6518386891303052,0.18888051263541772
2024-01-08 12:45:00,2024.01.08,12:45:00,1.09402,1.09436,1.09393,1.09425,1697,0,0,1.0938814999999997,1.0951257069763578,1.0926372930236417,0.0022748478264932276,0.648086293921472,1.0937604881911318,0.0006627451027279892,1.0947546058452238,1.0927663705370398,0.7462041624817848,0.1817797707679205
2024-01-08 13:00:00,2024.01.08,13:00:00,1.09425,1.09485,1.09401,1.09481,1799,0,0,1.0939204999999999,1.0952281616534936,1.0926128383465061,0.002390780049361392,0.8401109138681652,1.0938363147126113,0.0006804705924552077,1.0948570206012942,1.0928156088239285,0.9769666258343965,0.18662863445908448
2024-01-08 13:15:00,2024.01.08,13:15:00,1.09481,1.09508,1.09422,1.09425,2284,0,0,1.0939169999999998,1.0952207346355824,1.0926132653644172,0.002383607962181122,0.6277100381134386,1.093901110136807,0.0006984235332096952,1.0949487454366216,1.0928534748369925,0.6665130333307228,0.1915411347710457
2024-01-08 13:30:00,2024.01.08,13:30:00,1.09425,1.09451,1.09376,1.09378,2167,0,0,1.0938909999999997,1.0951838402840326,1.0925981597159669,0.0023637460844505905,0.45707126341488286,1.0939121155206033,0.0007035811798887287,1.0949674872904365,1.0928567437507701,0.4374080658684802,0.1929536669096872
2024-01-08 13:45:00,2024.01.08,13:45:00,1.09378,1.09403,1.09368,1.0938,1609,0,0,1.0938535,1.095110723528263,1.092596276471737,0.0022987054998920313,0.4787229562614685,1.0939049299154666,0.0006682230618998631,1.0949072645083164,1.0929025953226168,0.447657241296952,0.18325808128998478
2024-01-08 14:00:00,2024.01.08,14:00:00,1.0938,1.09483,1.09375,1.09479,2647,0,0,1.0938385,1.095042381638708,1.0926346183612918,0.0022012054589559686,0.8951800448676404,1.0939574762727238,0.0007094007557098738,1.0950215774062886,1.092893375139159,0.8911863736518857,0.19454158989622908
2024-01-08 14:15:00,2024.01.08,14:15:00,1.09479,1.09484,1.09418,1.0943,2157,0,0,1.093821,1.0949867598380536,1.0926552401619463,0.0021315367652544074,0.7054454032315297,1.0940034309134168,0.000704460680138897,1.0950601219336251,1.0929467398932085,0.6403291411167639,0.19317873972773011
2024-01-08 14:30:00,2024.01.08,14:30:00,1.0943,1.09435,1.09372,1.09421,2165,0,0,1.0938065,1.0949450126262008,1.092667987373799,0.0020817441223852755,0.6772048858809926,1.094011993048647,0.0006970146121249981,1.0950575149668345,1.0929664711304594,0.5946928743953198,0.19113536685717647
2024-01-08 14:45:00,2024.01.08,14:45:00,1.09421,1.09472,1.09411,1.09449,2453,0,0,1.0938045,1.094938051498618,1.0926709485013821,0.002072676604672837,0.8023682650658923,1.0940527556154425,0.0006883131509124983,1.0950852253418113,1.0930202858890736,0.7117468306287662,0.18874221943493655
2024-01-08 15:00:00,2024.01.08,15:00:00,1.09449,1.09496,1.09425,1.0944,3081,0,0,1.093863,1.0949926742893499,1.0927333257106502,0.0020654767358432398,0.7376791279852289,1.0940988423822258,0.0006904818358212472,1.0951345651359576,1.093063119628494,0.6453852474946381,0.1893289186700445
2024-01-08 15:15:00,2024.01.08,15:15:00,1.0944,1.09491,1.09435,1.09487,3098,0,0,1.093944,1.09511770183608,1.09277029816392,0.0021458170364845185,0.8944783809373107,1.0941570478696327,0.0006774336522391341,1.0951731983479915,1.093140897391274,0.850810310850204,0.18574124808450046
2024-01-08 15:30:00,2024.01.08,15:30:00,1.09487,1.09564,1.0947,1.09526,4484,0,0,1.0940375000000002,1.0953132723151164,1.092761727684884,0.002332227762057917,0.9791215428939277,1.0942563766439535,0.0007036902870152149,1.0953119120744763,1.0932008412134306,0.9754096011487275,0.1929228749409031
2024-01-08 15:45:00,2024.01.08,15:45:00,1.09528,1.09528,1.09474,1.09508,3941,0,0,1.0941225,1.0954376406768924,1.0928073593231078,0.002404009929221476,0.8640294976893743,1.0943303725191325,0.0006873212583136919,1.095361354406603,1.093299390631662,0.8635502669725745,0.18842242038795337
2024-01-08 16:00:00,2024.01.08,16:00:00,1.09508,1.09588,1.09492,1.09558,4520,0,0,1.0942459999999998,1.0956201964925059,1.0928718035074938,0.002511677433604565,0.9853745469716059,1.094437956088739,0.00071458913248233,1.0955098397874625,1.0933660723900154,1.0327275303379564,0.19587838538682123
2024-01-08 16:15:00,2024.01.08,16:15:00,1.09559,1.09598,1.09539,1.09556,3749,0,0,1.0943910000000001,1.0956741819824232,1.093107818017577,0.002345015597575371,0.9555082661745816,1.0945527539215574,0.0007021302192340838,1.0956059492504084,1.0934995585927063,0.9781857889274553,0.19244304581532173
2024-01-08 16:30:00,2024.01.08,16:30:00,1.09557,1.09628,1.09538,1.09571,5586,0,0,1.0945135000000001,1.0958091276471327,1.0932178723528676,0.002367495050782901,0.9617453180502512,1.094670586881409,0.0007219171973106655,1.095753462677375,1.093587711085443,0.9799318271139661,0.19784505200801775
2024-01-08 16:45:00,2024.01.08,16:45:00,1.09571,1.09612,1.09533,1.09601,5074,0,0,1.094629,1.0960221389019096,1.0932358610980906,0.0025454083564559454,0.9956433267734414,1.0947800547974653,0.0007287254775796058,1.0958731430138346,1.093686966581096,1.0626010710369957,0.1996909263334274
2024-01-08 17:00:00,2024.01.08,17:00:00,1.09601,1.09669,1.09552,1.0964,4234,0,0,1.0947660000000001,1.0962843069518426,1.0932476930481576,0.0027737561302461316,1.0380993606124893,1.0949156051342146,0.0007728529298216345,1.096074884528947,1.0937563257394822,1.1402230870877024,0.21175684944051312
2024-01-08 17:15:00,2024.01.08,17:15:00,1.0964,1.0972,1.09616,1.09694,4059,0,0,1.094926,1.0966399358214391,1.093212064178561,0.0031306879577963865,1.0875365853281869,1.095091896708734,0.000799567636839464,1.0962912481639933,1.0938925452534747,1.270459435873412,0.2190412437282944
2024-01-08 17:30:00,2024.01.08,17:30:00,1.09694,1.09718,1.09643,1.09689,4049,0,0,1.095069,1.0969309011789061,1.093207098821094,0.003400518467614471,0.9890162863180966,1.0952577478158387,0.0007946108731555204,1.096449664125572,1.0940658315061054,1.184717614329116,0.21765037720304337
2024-01-08 17:45:00,2024.01.08,17:45:00,1.09689,1.09748,1.0966,1.09697,4070,0,0,1.0952050000000002,1.0972003195232873,1.093209680476713,0.0036437370597963504,0.9422850524441561,1.09542526389687,0.0008031497858399676,1.0966299885756299,1.0942205392181101,1.141115821052212,0.21995561330659472
2024-01-08 18:00:00,2024.01.08,18:00:00,1.09698,1.09788,1.09681,1.09765,4633,0,0,1.0953469999999998,1.0975975652623307,1.093096434737669,0.0041093192610758165,1.011649237315397,1.0956177784463745,0.0008298348072559613,1.0968625306572586,1.0943730262354905,1.3163157035817412,0.22722380658137029
2024-01-08 18:15:00,2024.01.08,18:15:00,1.09767,1.0977,1.0971,1.0973,4113,0,0,1.0954995,1.0978434665100016,1.0931555334899985,0.004279265321438433,0.884071187091889,1.0957843392292594,0.0008068513265303587,1.096994616219055,1.094574062239464,1.1261627641936038,0.22089693135179303
2024-01-08 18:30:00,2024.01.08,18:30:00,1.09731,1.09783,1.09726,1.09772,2692,0,0,1.0956965,1.0980910210377044,1.0933019789622958,0.004370774275001011,0.9225270874921876,1.0959575767629808,0.000783166193877341,1.0971323260537968,1.0947828274721647,1.2501273892214653,0.21437860656720065
2024-01-08 18:45:00,2024.01.08,18:45:00,1.09773,1.09789,1.09716,1.09754,2392,0,0,1.0958835,1.0982402373633917,1.0935267626366083,0.004301072811830278,0.8514392451469421,1.0961073313569827,0.0007778495744896189,1.0972741057187172,1.0949405569952482,1.1139441737850189,0.21289418077152064
2024-01-08 19:00:00,2024.01.08,19:00:00,1.09754,1.09788,1.09719,1.09729,2910,0,1,1.0960085,1.09838509651603,1.0936319034839699,0.004336821322152266,0.7696082383687102,1.096235522021397,0.0007690646170406427,1.097389118946958,1.0950819250958361,0.9570391768729302,0.21046516052203304
2024-01-08 19:15:00,2024.01.08,19:15:00,1.09729,1.09739,1.0966,1.09679,2609,0,1,1.096133,1.0983967499861966,1.0938692500138034,0.004130429402630166,0.645113198013477,1.0963013453209465,0.0007711581553365853,1.0974580825539513,1.0951446080879417,0.7112211248634672,0.21102541521850665
2024-01-08 19:30:00,2024.01.08,19:30:00,1.09679,1.09682,1.09633,1.09655,2494,0,1,1.09625,1.0983392582415785,1.0941607417584214,0.003811645594670145,0.5717958158617331,1.0963266140205388,0.0007430423398029147,1.097441177530243,1.0952120505108345,0.6002123151871404,0.20332690923499028
2024-01-08 19:45:00,2024.01.08,19:45:00,1.09656,1.09664,1.09622,1.09646,2444,0,1,1.0963485,1.0982760608939806,1.0944209391060193,0.003516328784105796,0.5289225622776004,1.0963374126852494,0.0007107381058226319,1.0974035198439833,1.0952713055265155,0.5574929610716385,0.19448522806910165
2024-01-08 20:00:00,2024.01.08,20:00:00,1.09646,1.09659,1.096,1.096,2124,0,1,1.0964284999999998,1.0981474680043568,1.0947095319956428,0.0031355770200373347,0.3753612635855879,1.0963240083025272,0.0006986642952403556,1.0973720047453877,1.0952760118596667,0.3454153615050768,0.19118370753972846
2024-01-08 20:15:00,2024.01.08,20:15:00,1.096,1.0961,1.09564,1.09576,1819,0,1,1.096473,1.0980700360046045,1.0948759639953956,0.0029130420988104215,0.2767739744300428,1.0962772773530802,0.0006747978657163328,1.0972894741516548,1.0952650805545057,0.24447787534567314,0.18466072762512625
2024-01-08 20:30:00,2024.01.08,20:30:00,1.09575,1.09582,1.09487,1.09519,2487,0,1,1.0964695,1.098077423816604,1.094861576183396,0.002932911160053276,0.10212667205147209,1.0961835683988186,0.0007023180791447002,1.0972370455175355,1.0951300912801016,0.02843380213679228,0.19220815729900984
2024-01-08 20:45:00,2024.01.08,20:45:00,1.09519,1.09558,1.09513,1.09554,1773,0,1,1.0964924999999999,1.0980319658164448,1.094953034183555,0.002807982391935977,0.19063944459659746,1.0961105301386136,0.0006770862712302363,1.097126159545459,1.0950949007317683,0.21912484279783254,0.18531514458069506
2024-01-08 21:00:00,2024.01.08,21:00:00,1.09554,1.09589,1.09529,1.09583,2221,0,1,1.096505,1.0980184662203045,1.0949915337796956,0.0027605277136072523,0.2770019604850536,1.0960685748873171,0.0006693776441072061,1.097072641353478,1.0950645084211563,0.38119567012865635,0.18321234440354733
2024-01-08 21:15:00,2024.01.08,21:15:00,1.09583,1.09602,1.09571,1.09576,1546,0,1,1.096515,1.0980058319824857,1.0950241680175141,0.0027192185833951844,0.24678568448036434,1.0960458534694775,0.0006334398796964888,1.0969960132890222,1.0950956936499328,0.34957611151438966,0.17337957468422205
2024-01-08 21:30:00,2024.01.08,21:30:00,1.09576,1.09617,1.09574,1.09607,1614,0,1,1.096533,1.0979928917768116,1.0950731082231884,0.0026627411611170955,0.34142660183651796,1.0960408515517495,0.0006130958917268551,1.0969604953893397,1.0951212077141592,0.5158476831242711,0.16781196363041292
2024-01-08 21:45:00,2024.01.08,21:45:00,1.09607,1.09629,1.09595,1.0961,1725,0,1,1.0965375,1.0979914583900519,1.095083541609948,0.0026519081929289473,0.34954865180693107,1.096047754578567,0.0005857863025541703,1.0969264340323983,1.0951690751247356,0.5297295112599415,0.1603359799170811
2024-01-08 22:00:00,2024.01.08,22:00:00,1.0961,1.0961,1.09497,1.09506,2226,0,1,1.0964705000000001,1.0980607386613346,1.0948802613386657,0.002900650152164519,0.05651310891392295,1.0959838414441003,0.0006402076722987609,1.0969441529525485,1.095023529935652,0.01898866358831209,0.17524190998708244
2024-01-08 22:15:00,2024.01.08,22:15:00,1.09506,1.09535,1.09491,1.09531,1891,0,1,1.0963889999999998,1.0980405314105408,1.0947374685894589,0.003012674170464998,0.17333349123332933,1.0959082374970432,0.0006201869050688843,1.0968385178546465,1.09497795713944,0.1784638672880628,0.1697734036068399
2024-01-08 22:30:00,2024.01.08,22:30:00,1.09531,1.09568,1.09524,1.09539,1952,0,0,1.096314,1.0980035135394557,1.0946244864605443,0.003082170873409768,0.22654850688630288,1.0958633259893884,0.0006021682145619955,1.0967665783112315,1.0949600736675453,0.23798794758561864,0.16484762295107952
2024-01-08 22:45:00,2024.01.08,22:45:00,1.09539,1.09568,1.09512,1.09539,2352,0,1,1.0962349999999998,1.0979420969509681,1.0945279030490316,0.0031144726285299556,0.252503804918497,1.0958188822443673,0.0005979513931057854,1.096715809334026,1.0949219551547087,0.26091577046108816,0.16369987854591306
2024-01-08 23:00:00,2024.01.08,23:00:00,1.09538,1.09558,1.09529,1.09548,1049,0,10,1.0961265,1.0977329404750895,1.0945200595249105,0.002931122411673306,0.2987787253791736,1.0957837506020467,0.0005671562537951971,1.0966344849827394,1.094933016221354,0.3214774147252931,0.15527413693172723
2024-01-08 23:15:00,2024.01.08,23:15:00,1.09548,1.09552,1.09506,1.09509,871,0,2,1.096016,1.0975880229005988,1.0944439770994014,0.002868613050536958,0.20547502849749666,1.0957303775288358,0.0005564406284156901,1.0965650384714594,1.0948957165862123,0.11638463228967072,0.15234786946509685
2024-01-08 23:30:00,2024.01.08,23:30:00,1.09508,1.09519,1.09492,1.09499,784,0,0,1.0958795000000001,1.0973030655938552,1.094455934406145,0.002598033075452248,0.1875802548755654,1.0956639923673595,0.0005277965655741426,1.0964556872157207,1.0948722975189982,0.07433576285444247,0.14451416745944068
2024-01-08 23:45:00,2024.01.08,23:45:00,1.095,1.09511,1.09492,1.09496,650,0,1,1.0957504999999998,1.09700653304097,1.0944944669590297,0.002292552987144621,0.18531878771701418,1.095600437538722,0.0004940169090167418,1.0963414629022472,1.0948594121751969,0.06787070305160288,0.13527292215944747
2024-01-09 00:00:00,2024.01.09,00:00:00,1.09525,1.09526,1.0945,1.09505,56,0,22,1.0956385000000002,1.0967116127620196,1.0945653872379808,0.001958881076229758,0.22579768835631683,1.095537221265193,0.0005206152181150548,1.0963181440923657,1.0947562984380204,0.18804775053321343,0.14256436239944886
2024-01-09 00:15:00,2024.01.09,00:15:00,1.09503,1.09525,1.09472,1.09505,863,0,8,1.0955515,1.0965134620574688,1.0945895379425312,0.0017561238471560496,0.2393348333719477,1.0954866922558095,0.0005215536963035634,1.096269022800265,1.094704361711354,0.2209029745135254,0.1428279412220809
2024-01-09 00:30:00,2024.01.09,00:30:00,1.09505,1.09524,1.09496,1.09513,1586,0,8,1.0954805,1.096341510452904,1.0946194895470962,0.001571932047907519,0.2964600784938018,1.0954508168028754,0.0004973983266732129,1.0961969142928851,1.0947047193128656,0.28500342973192466,0.13621743278028248
2024-01-09 00:45:00,2024.01.09,00:45:00,1.09513,1.0955,1.0948,1.09512,2154,0,3,1.0954135,1.0961601531992902,1.09466684680071,0.0013632353431651627,0.3034562764353055,1.0954212152026015,0.0005176584940058839,1.0961977029436103,1.0946447274615927,0.3060399497034771,0.1417697101776851
2024-01-09 01:00:00,2024.01.09,01:00:00,1.09508,1.09527,1.09496,1.09513,459,0,3,1.0953700000000002,1.0960751241025597,1.0946648758974407,0.0012874628711020345,0.3298171916623839,1.0953925280404488,0.0004968926446052987,1.0961378670073567,1.094647189073541,0.3238868138492508,0.1360861878875896
2024-01-09 01:15:00,2024.01.09,01:15:00,1.09514,1.09526,1.09512,1.09518,331,0,2,1.095341,1.0960270291539072,1.0946549708460926,0.0012526311968733988,0.3826580480706349,1.0953729221953268,0.00046120338014474954,1.096064727265544,1.0946811171251096,0.360566072993523,0.12631407189263943
2024-01-09 01:30:00,2024.01.09,01:30:00,1.09517,1.0952,1.09504,1.09511,363,0,2,1.0953370000000002,1.096027423058719,1.0946465769412814,0.0012606586990466003,0.33560803978546416,1.095348516906883,0.00043108304213026837,1.0959951414700784,1.0947018923436878,0.3155677030699244,0.11806736453549763
2024-01-09 01:45:00,2024.01.09,01:45:00,1.09511,1.09512,1.09493,1.09496,336,0,1,1.095308,1.0960104983985823,1.0946055016014176,0.0012827412902715679,0.25231260263207317,1.0953156422808308,0.000406974737917255,1.0959261043877067,1.094705180173955,0.20871060068666938,0.11146779673568423
2024-01-09 02:00:00,2024.01.09,02:00:00,1.09496,1.09568,1.09491,1.09564,1152,0,3,1.0952985000000002,1.0959772422191163,1.094619757780884,0.0012393739590004442,0.7515682613971493,1.0953246287302754,0.00044327726412552327,1.0959895446264636,1.0946597128340871,0.7371512484003767,0.12140983207124781
2024-01-09 02:15:00,2024.01.09,02:15:00,1.09564,1.09576,1.09543,1.09561,1194,0,3,1.095291,1.095952268478011,1.094629731521989,0.0012074754161422979,0.7412030896735656,1.0953508545654873,0.0004319495377129873,1.0959987788720569,1.0947029302589177,0.6999812569810105,0.11830443256952465
2024-01-09 02:30:00,2024.01.09,02:30:00,1.09561,1.09593,1.09561,1.09577,1104,0,3,1.095276,1.0958767462026602,1.0946752537973397,0.001096976839920281,0.9111553246715768,1.0953907731782981,0.00042075458394169834,1.0960219050542106,1.0947596413023857,0.8004338999305844,0.11523410482657599
2024-01-09 02:45:00,2024.01.09,02:45:00,1.09577,1.09578,1.09538,1.09551,1012,0,3,1.0952465,1.0957287561560114,1.0947642438439886,0.0008806349182789166,0.7731950610846652,1.0954065725581428,0.0004186791255475241,1.096034591246464,1.0947785538698216,0.5823442389379272,0.11466403508143116
2024-01-09 03:00:00,2024.01.09,03:00:00,1.09551,1.0958,1.09529,1.09532,1222,0,3,1.0952594999999998,1.0957349145559516,1.094784085444048,0.0008681313532579119,0.5636286786372352,1.095412613266891,0.0004278112129927728,1.0960543300863803,1.0947708964474019,0.42783945809247625,0.1171644021106159
2024-01-09 03:15:00,2024.01.09,03:15:00,1.09532,1.0955,1.09521,1.09541,1125,0,3,1.0952645,1.0957440195512291,1.094784980448771,0.0008756232877611685,0.6517143561998481,1.095408872320838,0.00041403009169348567,1.096029917458378,1.0947878271832978,0.5009078882466709,0.11339056186834184
2024-01-09 03:30:00,2024.01.09,03:30:00,1.09542,1.0955,1.09513,1.09526,1411,0,3,1.0952579999999998,1.0957340504175093,1.0947819495824904,0.0008692936595933043,0.5021006178405651,1.0953981860680597,0.00040962708252413523,1.096012626691846,1.0947837454442735,0.3875513249691198,0.11218580267907474
2024-01-09 03:45:00,2024.01.09,03:45:00,1.09527,1.09619,1.09526,1.09614,1326,0,3,1.0952955000000002,1.0959063183035984,1.094684681696402,0.0011153488781761908,1.191285767817453,1.0954424858076095,0.0004616643742717315,1.0961349823690172,1.0947499892462018,1.0036228562438685,0.1264322993456193
2024-01-09 04:00:00,2024.01.09,04:00:00,1.09615,1.09634,1.09605,1.09613,1497,0,3,1.0953279999999999,1.0960360564949283,1.0946199435050714,0.0012928666023847544,1.066338989716662,1.0955120903338689,0.0004444979368445707,1.0961788372391357,1.094845343428602,0.9633764785784183,0.12172333124385759
2024-01-09 04:15:00,2024.01.09,04:15:00,1.09613,1.09645,1.09609,1.09616,993,0,3,1.0953815,1.0961670004774093,1.0945959995225907,0.0014342043888988974,0.9955439381574904,1.0955807801433417,0.0004360481431601052,1.0962348523580818,1.0949267079286016,0.9427797448088042,0.11940191478250353
2024-01-09 04:30:00,2024.01.09,04:30:00,1.09616,1.09641,1.09605,1.09636,850,0,3,1.09545,1.0963212519727437,1.0945787480272564,0.0015906741024120227,1.0222369810735241,1.0956467375900076,0.0004284433288441085,1.096289402583274,1.0950040725967414,1.054925519100785,0.11731244592209941
2024-01-09 04:45:00,2024.01.09,04:45:00,1.09636,1.09649,1.09616,1.09627,844,0,3,1.0955154999999999,1.0964256532837986,1.0946053467162011,0.0016615981860571237,0.9144906212122513,1.0957095879782608,0.0004185989959596918,1.0963374864722004,1.0950816894843212,0.946260046128707,0.11461038596882019
2024-01-09 05:00:00,2024.01.09,05:00:00,1.09627,1.09644,1.09611,1.09632,829,0,3,1.095579,1.0965268164379294,1.0946311835620708,0.0017302566732828836,0.8908984748242772,1.0957648653136645,0.000409739096363739,1.09637947395821,1.095150256669119,0.951616399526873,0.11217892889267111
2024-01-09 05:15:00,2024.01.09,05:15:00,1.09632,1.09664,1.09627,1.09633,826,0,3,1.095643,1.0966119189852659,1.094674081014734,0.0017686764489271876,0.8545188041761432,1.0958266241726806,0.0004057651867273632,1.0964352719527717,1.0952179763925896,0.9135198088162693,0.11108468559989178
2024-01-09 05:30:00,2024.01.09,05:30:00,1.09633,1.09653,1.09617,1.09642,779,0,3,1.0957075,1.0967026256202153,1.0947123743797849,0.00181640742664479,0.8579950036085967,1.0958786917117904,0.0004011886680546185,1.0964804747138723,1.0952769087097085,0.9497537204746844,0.10982657234477518
2024-01-09 05:45:00,2024.01.09,05:45:00,1.09642,1.09648,1.09605,1.09627,774,0,3,1.095765,1.096750545534214,1.0947794544657863,0.0017988264531424462,0.7562032815677173,1.095915641707493,0.00040406980124914967,1.0965217464093666,1.0953095370056192,0.7923243223585918,0.1106115614755493
2024-01-09 06:00:00,2024.01.09,06:00:00,1.09628,1.0963,1.09593,1.09597,791,0,3,1.095807,1.0967514596338692,1.0948625403661307,0.0017237700322579497,0.5862927298080279,1.0959300250369381,0.0004006628211242328,1.0965310192686244,1.095329030805252,0.5332573600164193,0.10967748267796398
2024-01-09 06:15:00,2024.01.09,06:15:00,1.09597,1.09602,1.09532,1.09536,1033,0,3,1.095816,1.0967395886530313,1.0948924113469685,0.0016856637483508865,0.2531368545383751,1.0958954194778647,0.0004305965390118019,1.0965413142863825,1.095249524669347,0.08552114771321903,0.11787526383228558
2024-01-09 06:30:00,2024.01.09,06:30:00,1.09537,1.09564,1.09535,1.0955,717,0,3,1.0958355,1.0967140095332484,1.0949569904667515,0.001603360236547214,0.30905158834219826,1.0958574430196555,0.0004165368851106118,1.0964822483473213,1.0952326376919896,0.21395648866271066,0.114030402703509
2024-01-09 06:45:00,2024.01.09,06:45:00,1.0955,1.09589,1.09545,1.0956,714,0,3,1.0958675000000002,1.096658369774368,1.0950766302256325,0.0014433675136231493,0.33088239766517036,1.0958373690812757,0.00041888319659955027,1.096465693876175,1.0952090442863764,0.3111095700800251,0.11467482541246858
2024-01-09 07:00:00,2024.01.09,07:00:00,1.09561,1.09563,1.09537,1.09541,608,0,0,1.095856,1.0966662197232901,1.0950457802767097,0.0014786974261038065,0.22476601890855408,1.0958023815497255,0.0004029948769396101,1.096406873865135,1.0951978892343162,0.17544537811054764,0.11032870991838532
2024-01-09 07:15:00,2024.01.09,07:15:00,1.09541,1.09553,1.09485,1.09495,1058,0,3,1.095823,1.096719751916646,1.094926248083354,0.0016366729237222905,0.013243304087377087,1.0957364404497516,0.00043069538924562833,1.09638248353362,1.0950903973658832,-0.10865944500360573,0.11791943026066103
2024-01-09 07:30:00,2024.01.09,07:30:00,1.09495,1.09517,1.09477,1.09483,986,0,3,1.095776,1.0967719799194808,1.0947800200805193,0.001817853136919862,0.02509082688468906,1.0956590016767593,0.0004276258503210611,1.096300440452241,1.0950175629012777,-0.14620483547858443,0.11708730079340039
2024-01-09 07:45:00,2024.01.09,07:45:00,1.09482,1.09504,1.0948,1.09498,1017,0,3,1.0957495,1.096799137556497,1.094699862443503,0.0019158348810508375,0.13344489950990931,1.0955905253265918,0.0004088632652889568,1.0962038202245252,1.0949772304286585,0.0022579442213944236,0.11195695540549871
2024-01-09 08:00:00,2024.01.09,08:00:00,1.09496,1.09533,1.09478,1.09525,1460,0,3,1.095746,1.0968017916461164,1.0946902083538839,0.0019270736942982117,0.2651051692705657,1.0955457133907258,0.00042297693876004397,1.0961801787988659,1.0949112479825858,0.266958618285707,0.11582636860973568
2024-01-09 08:15:00,2024.01.09,08:15:00,1.09524,1.09551,1.09505,1.09517,2683,0,3,1.095734,1.096810055760641,1.094657944239359,0.0019640820867857897,0.23793179655299618,1.0955169152900217,0.00042667924488403006,1.0961569341573478,1.0948768964226956,0.2289804193811662,0.11684326520082701
2024-01-09 08:30:00,2024.01.09,08:30:00,1.09517,1.09529,1.09496,1.09524,1436,0,1,1.095733,1.0968108515667796,1.0946551484332205,0.0019673616962882943,0.271304317220092,1.0954832408179562,0.0004170113203956434,1.0961087577985498,1.0948577238373627,0.30556817360463284,0.11419927887285494
2024-01-09 08:45:00,2024.01.09,08:45:00,1.09524,1.0953,1.09484,1.09503,1413,0,1,1.0956774999999999,1.096779840691442,1.0945751593085578,0.0020121626873639466,0.20630676839442488,1.0954426147083096,0.00042131018835606955,1.0960745799908438,1.0948106494257754,0.17354638006767917,0.11538081028597783
2024-01-09 09:00:00,2024.01.09,09:00:00,1.09503,1.09546,1.09458,1.09538,2917,0,1,1.09564,1.0967291648176514,1.0945508351823485,0.0019881800913647226,0.38064249056420696,1.0954137942598992,0.0004671791695204618,1.0961145630141798,1.0947130255056186,0.4758877235231283,0.12794594297656536
2024-01-09 09:15:00,2024.01.09,09:15:00,1.09539,1.09592,1.09528,1.09581,2300,0,1,1.0956225,1.096688687131797,1.094556312868203,0.0019462673170676187,0.5879301552270629,1.0954381948065754,0.000484461252568413,1.096164886685428,1.0947115029277228,0.7558203856712477,0.13267601628241069
2024-01-09 09:30:00,2024.01.09,09:30:00,1.09584,1.0963,1.0958,1.09599,1561,0,0,1.0956040000000002,1.096630457987455,1.0945775420125454,0.0018737755383419932,0.6880252308021351,1.0954945572059491,0.0004860151273115662,1.0962235798969164,1.0947655345149818,0.8397992958171938,0.13309471711601636
2024-01-09 09:45:00,2024.01.09,09:45:00,1.09599,1.09605,1.09553,1.09566,1803,0,0,1.0955735,1.0965542196337434,1.0945927803662565,0.0017903310617561768,0.5441002693450343,1.0955185676307793,0.0004894136145804171,1.09625268805265,1.0947844472089086,0.5963277719889707,0.13402245175238858
2024-01-09 10:00:00,2024.01.09,10:00:00,1.09566,1.09568,1.09426,1.09427,3013,0,0,1.0954709999999999,1.0965425204151158,1.094399479584884,0.001956273447888505,-0.060418627147594904,1.0954441008722924,0.0005824722531223731,1.0963178092519759,1.094570392492609,-0.1719066107146924,0.15951674375493075
2024-01-09 10:15:00,2024.01.09,10:15:00,1.09428,1.09441,1.09388,1.09405,2365,0,0,1.0953570000000001,1.0965199462584363,1.094194053741564,0.00212341046514727,-0.06193482309222187,1.0953173611066773,0.00057722502781015,1.0961831986483925,1.0944515235649621,-0.23187003659297123,0.15809802208200027
2024-01-09 10:30:00,2024.01.09,10:30:00,1.09405,1.09464,1.09405,1.09456,2302,0,0,1.0952639999999998,1.0963680362312944,1.0941599637687052,0.002016018478274873,0.18116988372098758,1.0952315806838193,0.000578502525029144,1.096099334471363,1.0943638268962756,0.11303500286621139,0.15846032982392214
2024-01-09 10:45:00,2024.01.09,10:45:00,1.09456,1.09519,1.09455,1.095,1873,0,0,1.0952005000000002,1.0962076241234386,1.0941933758765618,0.0018391593565532454,0.4004591413639522,1.0952012714123445,0.0005846522725262491,1.0960782498211339,1.094324293003555,0.38524722483058066,0.16014926784343297
2024-01-09 11:00:00,2024.01.09,11:00:00,1.095,1.09507,1.0938,1.09386,2417,0,0,1.0950950000000002,1.0961953363122303,1.09399466368777,0.0020095723425459264,-0.06119205840666776,1.0951100392143434,0.0006531870452736125,1.0960898197822537,1.094130258646433,-0.1379179457545913,0.17893737301747098
2024-01-09 11:15:00,2024.01.09,11:15:00,1.09385,1.09433,1.09382,1.09406,2349,0,0,1.09503,1.0962106947107582,1.0938493052892417,0.0021564609385280992,0.08922488973588864,1.0950109878605963,0.0006388683407462523,1.0959692903717155,1.094052685349477,0.003816462149575801,0.17503066576374476
2024-01-09 11:30:00,2024.01.09,11:30:00,1.09406,1.09453,1.09389,1.09415,2025,0,0,1.0949624999999998,1.0961817272142684,1.0937432727857312,0.0022269752877721247,0.16679713572203314,1.0949327985405395,0.0006389815066716245,1.0958912708005468,1.0939743262805321,0.09164256849043352,0.1750741709965956
2024-01-09 11:45:00,2024.01.09,11:45:00,1.09415,1.09443,1.09404,1.09441,1810,0,0,1.094903,1.0961080410781436,1.0936979589218563,0.0022011832612453814,0.29544265795515284,1.094871897092234,0.0006140833560044734,1.0957930221262406,1.0939507720582273,0.2492755732494077,0.16826170010445637
2024-01-09 12:00:00,2024.01.09,12:00:00,1.09442,1.0946,1.0936,1.09367,1823,0,0,1.0948160000000002,1.0961100231837237,1.0935219768162767,0.0023639098875491656,0.05719495044024948,1.094784732289799,0.0006526750204040373,1.095763744820405,1.093805719759193,-0.06931461802083835,0.17885023452204962
2024-01-09 12:15:00,2024.01.09,12:15:00,1.09367,1.09482,1.09366,1.09461,1964,0,0,1.094799,1.0960944674831945,1.0935035325168057,0.002366585068481837,0.42705336009903166,1.09474459905585,0.0007034075183636163,1.0957997103333954,1.0936894877783045,0.4362157060044797,0.19275934833666175
2024-01-09 12:30:00,2024.01.09,12:30:00,1.09461,1.09473,1.09406,1.09409,2188,0,0,1.0947619999999998,1.096093579513215,1.0934304204867846,0.0024326374375712063,0.24766809141678411,1.0947016213679912,0.0007000667665272495,1.095751721517782,1.0936515212182003,0.20877950635804213,0.1918513920676659
2024-01-09 12:45:00,2024.01.09,12:45:00,1.09409,1.09417,1.09324,1.09355,1914,0,0,1.0946905,1.0961177137191096,1.0932632862808904,0.002607520059979671,0.10044526452859301,1.0946017844123095,0.0007230600898745343,1.0956863745471213,1.0935171942774977,0.015123557484689036,0.19817072295274663
2024-01-09 13:00:00,2024.01.09,13:00:00,1.09355,1.0936,1.09302,1.09308,1876,0,0,1.094582,1.0961459641939684,1.0930180358060315,0.0028576464695535386,0.01980997845331245,1.0944714557381212,0.0007087540808870612,1.0955345868594517,1.0934083246167907,-0.15441398064792358,0.1942729736361212
2024-01-09 13:15:00,2024.01.09,13:15:00,1.09308,1.09349,1.09305,1.09345,1806,0,0,1.094496,1.0961095476441727,1.0928824523558271,0.0029484760915942385,0.17586950290019313,1.094362745667824,0.0006818786727983546,1.0953855636770216,1.0933399276586264,0.053808370787276114,0.18692485891840252
2024-01-09 13:30:00,2024.01.09,13:30:00,1.09346,1.09347,1.09286,1.09295,1533,0,0,1.0943815,1.0960898357398403,1.0926731642601595,0.0031220113641183015,0.08102498044865263,1.0942418492550154,0.0006746908055185191,1.0952538854632932,1.0932298130467377,-0.13824260656336385,0.1849748680269795
2024-01-09 13:45:00,2024.01.09,13:45:00,1.09295,1.09323,1.09289,1.09314,1442,0,0,1.094287,1.0960496241800273,1.0925243758199727,0.0032215025491982656,0.1746328533907128,1.094131831865649,0.000641221724966668,1.095093664453099,1.093169999278199,-0.015594854338654845,0.17581658067840403
2024-01-09 14:00:00,2024.01.09,14:00:00,1.09314,1.09338,1.09286,1.09323,2313,0,0,1.0941794999999999,1.0959245326644556,1.0924344673355442,0.0031896643365292307,0.22794205537232654,1.0940389589895554,0.0006290995524700087,1.0949826083182603,1.0930953096608504,0.07136673288070215,0.17250744517845856
2024-01-09 14:15:00,2024.01.09,14:15:00,1.09322,1.09416,1.09318,1.09394,2739,0,0,1.094086,1.0956639531045052,1.0925080468954946,0.002884513839872293,0.4537375351703638,1.0940123914667406,0.000664189597223006,1.095008675862575,1.0930161070709061,0.4636692760403921,0.18213402400291243
2024-01-09 14:30:00,2024.01.09,14:30:00,1.09395,1.09403,1.09289,1.09325,3204,0,0,1.0939489999999998,1.0953016255949144,1.0925963744050853,0.0024729225858144363,0.24161364289282983,1.0939531160889557,0.0007117706375007196,1.0950207720452068,1.0928854601327047,0.1707197272496808,0.19519226931187902
2024-01-09 14:45:00,2024.01.09,14:45:00,1.09325,1.09418,1.09319,1.09405,3096,0,0,1.0938685,1.0949731316128097,1.09276386838719,0.0020196789884886998,0.5821540855319084,1.0939391685249282,0.0007395935737506301,1.095048558885554,1.0928297781643024,0.5499515224781714,0.2028248722681274
2024-01-09 15:00:00,2024.01.09,15:00:00,1.09406,1.09468,1.09359,1.09457,3338,0,0,1.0938835,1.0950172949550154,1.0927497050449846,0.002072972039555257,0.8027443352800493,1.0939716286654113,0.0007746342163755706,1.0951335799899746,1.092809677340848,0.7574855426123862,0.21242805464358072
2024-01-09 15:15:00,2024.01.09,15:15:00,1.09457,1.09468,1.09328,1.09363,4128,0,0,1.0938625,1.0949987372111574,1.0927262627888426,0.0020774772170312253,0.39768861743093875,1.093961314824261,0.0008371707947380203,1.095217071016368,1.0927055586321541,0.3680815486543307,0.22957963414065855
2024-01-09 15:30:00,2024.01.09,15:30:00,1.09363,1.09457,1.09334,1.09391,4880,0,0,1.09383,1.0949208528773482,1.092739147122652,0.0019945565167313276,0.5366685561642096,1.0939592848409982,0.0008764537152642248,1.0952739654138945,1.092644604268102,0.4812559636103344,0.24035274275996132
2024-01-09 15:45:00,2024.01.09,15:45:00,1.09389,1.09469,1.09358,1.09462,5123,0,0,1.093811,1.094830586190579,1.0927914138094212,0.0018642822033767207,0.8967295788600991,1.0939914164434428,0.0008998083437377968,1.0953411289590496,1.092641703927836,0.7328583121549261,0.24675011070830646
2024-01-09 16:00:00,2024.01.09,16:00:00,1.09462,1.09475,1.09379,1.09424,4560,0,0,1.09383,1.094866551976516,1.0927934480234842,0.001895270702971878,0.6977710762648602,1.0940169958297816,0.0009058275093640021,1.0953757370938275,1.0926582545657357,0.582062779765164,0.24839490962666905
2024-01-09 16:15:00,2024.01.09,16:15:00,1.09424,1.09458,1.09388,1.09425,3813,0,0,1.0938395,1.094887726597649,1.092791273402351,0.0019166003744590075,0.6958068994435663,1.094037916861866,0.0008852447584276165,1.0953657839995072,1.0927100497242246,0.5798585687235075,0.2427460908210886
2024-01-09 16:30:00,2024.01.09,16:30:00,1.09425,1.09514,1.09422,1.09432,5427,0,0,1.093848,1.0949088411756802,1.0927871588243196,0.0019396500714546861,0.7224649696960291,1.0940876390654977,0.000888720282584858,1.095420719489375,1.0927545586416203,0.5871518815895806,0.24368805135500832
2024-01-09 16:45:00,2024.01.09,16:45:00,1.09432,1.09469,1.09397,1.09455,5113,0,0,1.093855,1.094932302186027,1.092777697813973,0.001969734902756005,0.8225650189028841,1.0941177051862438,0.0008718482543263555,1.0954254775677335,1.0928099328047542,0.665279072977387,0.23905515380851822
2024-01-09 17:00:00,2024.01.09,17:00:00,1.09454,1.09469,1.09386,1.09413,4071,0,0,1.093878,1.094958159247527,1.0927978407524728,0.0019749172165947847,0.6166494665379469,1.0941280824700936,0.0008676634288937086,1.0954295776134342,1.092826587326753,0.5007366642573451,0.23790544529344385
2024-01-09 17:15:00,2024.01.09,17:15:00,1.09413,1.0945,1.0935,1.0937,3991,0,0,1.0938325,1.0948609138272207,1.0928040861727792,0.001880386306350821,0.4355804071799734,1.0941063603300847,0.000880897086004349,1.0954277059590911,1.0927850147010782,0.3462323856967141,0.24153878944781756
2024-01-09 17:30:00,2024.01.09,17:30:00,1.0937,1.09375,1.09286,1.09287,4734,0,0,1.0937715000000001,1.0948736665028567,1.0926693334971436,0.002015350560618099,0.09103275337091084,1.0940162307748384,0.0008818073774039198,1.0953389418409443,1.0926935197087326,0.0667115804009079,0.24180830757309837
2024-01-09 17:45:00,2024.01.09,17:45:00,1.09286,1.09291,1.09175,1.09179,5882,0,0,1.0936835,1.0950832324744464,1.0922837675255537,0.0025596664381356358,-0.1763792490950588,1.0938384945105681,0.0009096266396635328,1.0952029344700633,1.092474054551073,-0.25067227997557967,0.24947740755927802
2024-01-09 18:00:00,2024.01.09,18:00:00,1.0918,1.09208,1.09101,1.09166,5063,0,0,1.0936125,1.0952511442567014,1.0919738557432987,0.0029967548042864342,-0.09576689449681942,1.0936237172555934,0.00092566397569717,1.095012213219139,1.0922352212920476,-0.20713826584654002,0.2539257226480256
2024-01-09 18:15:00,2024.01.09,18:15:00,1.09166,1.09283,1.09157,1.09262,3351,0,0,1.093571,1.0952651062540526,1.0918768937459475,0.003098301352271649,0.21932102908975562,1.0935014584693463,0.0009590975781274569,1.0949401048365375,1.0920628121021552,0.1936500555493091,0.2631265566311969
2024-01-09 18:30:00,2024.01.09,18:30:00,1.0926,1.093,1.09224,1.09232,3485,0,0,1.0935394999999999,1.0953007208833705,1.0917782791166293,0.003221138117773719,0.15379129571014902,1.0934079862341703,0.0009391878203146985,1.0948167679646423,1.0919992045036984,0.11385564185096265,0.2576863802365303
2024-01-09 18:45:00,2024.01.09,18:45:00,1.09234,1.09353,1.09229,1.09343,2580,0,0,1.093554,1.095306579812739,1.0918014201872608,0.0032052917601492568,0.46462357973694457,1.0933770669102811,0.0009692690382832194,1.094830970467706,1.0919231633528563,0.5182037829980009,0.2659473298691584
2024-01-09 19:00:00,2024.01.09,19:00:00,1.09344,1.09365,1.093,1.09325,3566,0,1,1.093555,1.0953068618667066,1.0918031381332935,0.003203975779373704,0.4129497576845489,1.0933697272045402,0.0009373421344549014,1.0947757404062226,1.0919637140028577,0.45742315776379067,0.2571889758238029
2024-01-09 19:15:00,2024.01.09,19:15:00,1.09327,1.09391,1.09307,1.09378,3134,0,1,1.093547,1.0952932084640787,1.0918007915359214,0.003193659648974742,0.5667159748658245,1.0933903881056952,0.0009276079210094064,1.0947817999872094,1.091998976224181,0.6400059534782662,0.2545132821086487
2024-01-09 19:30:00,2024.01.09,19:30:00,1.09378,1.09391,1.09333,1.09368,2749,0,1,1.0935685,1.0953101345770626,1.0918268654229373,0.0031852317930932857,0.5320101591540779,1.0934141606670575,0.0008928471289084683,1.0947534313604201,1.092074889973695,0.599247797424351,0.244970431432047
2024-01-09 19:45:00,2024.01.09,19:45:00,1.09368,1.09385,1.09332,1.09341,2483,0,1,1.0935365000000001,1.0952650401354962,1.091807959864504,0.0031613762055424017,0.46340842847602226,1.0934248755241631,0.0008565624160176134,1.0947097191481896,1.0921400319001366,0.49421115383811853,0.23501269319678725
2024-01-09 20:00:00,2024.01.09,20:00:00,1.0934,1.09404,1.09322,1.09376,3682,0,1,1.093496,1.0951626301329391,1.091829369867061,0.0030482601361854207,0.5792017361208024,1.0934485381726555,0.0008529061744158343,1.0947278974342793,1.0921691789110317,0.6217257093794043,0.23400447610673064
2024-01-09 20:15:00,2024.01.09,20:15:00,1.09376,1.09391,1.09279,1.09281,3270,0,1,1.093455,1.0951465850555089,1.0917634149444913,0.0030940186025191986,0.3093504083937429,1.0934220107276407,0.0008796155569742518,1.094741434063102,1.0921025873921792,0.26807643491215766,0.24133835289878325
2024-01-09 20:30:00,2024.01.09,20:30:00,1.0928,1.09286,1.09231,1.09237,2886,0,1,1.093378,1.0951192018837634,1.0916367981162365,0.0031849952784187663,0.21054476525686336,1.093335470023421,0.0008466540012768317,1.0946054510253362,1.0920654890215058,0.11988800542490066,0.23231314390413332
2024-01-09 20:45:00,2024.01.09,20:45:00,1.09237,1.09268,1.09221,1.09243,2502,0,1,1.0932685,1.0949581896164746,1.0915788103835253,0.003091078937104002,0.2518775070212585,1.0932501871640476,0.0008089886011491677,1.0944636700657715,1.0920367042623238,0.16205244306182862,0.22199546196679698
2024-01-09 21:00:00,2024.01.09,21:00:00,1.09242,1.09287,1.09234,1.09245,2532,0,1,1.093179,1.0948428016708798,1.09151519832912,0.0030439693241086263,0.2809234078919812,1.093183820132551,0.000781089741034243,1.0943554547441023,1.0920121855209997,0.18683917096839678,0.2143527172601729
2024-01-09 21:15:00,2024.01.09,21:15:00,1.09244,1.09248,1.09216,1.09227,2132,0,1,1.09308,1.0947124460174915,1.0914475539825086,0.00298687381983288,0.25190603814125395,1.0930999642469112,0.0007349807669308063,1.0942024353973074,1.091997493096515,0.12358913128342876,0.20171460734713945
2024-01-09 21:30:00,2024.01.09,21:30:00,1.09227,1.09236,1.09198,1.09206,1540,0,1,1.092967,1.0945526746198462,1.0913813253801539,0.0029015965163562223,0.21400185490514143,1.093007904159904,0.0006994826902377304,1.0940571281952605,1.0919586801245473,0.048283241728381956,0.19198837105629346
2024-01-09 21:45:00,2024.01.09,21:45:00,1.09206,1.09254,1.092,1.09252,1862,0,1,1.0928654999999998,1.094283928355619,1.0914470716443807,0.0025957967483082175,0.37821027455098943,1.092945564081183,0.0006835344212139559,1.0939708657130038,1.091920262449362,0.2924688364987754,0.18762171978489298
2024-01-09 22:00:00,2024.01.09,22:00:00,1.09253,1.09299,1.0925,1.09281,2424,0,1,1.0927995,1.094093848871064,1.0915051511289358,0.0023688679781866044,0.504056093467097,1.0929285262321815,0.0006641809790925484,1.0939247977008204,1.0919322547635426,0.44051509256639737,0.18231228204345556
2024-01-09 22:15:00,2024.01.09,22:15:00,1.09281,1.09297,1.09266,1.0928,2167,0,1,1.0927545,1.0939813084610182,1.091527691538982,0.002245350554068788,0.5185440520854258,1.0929172380195928,0.0006287628811832967,1.0938603823413677,1.091974093697818,0.4378472536566736,0.17259208455416156
2024-01-09 22:30:00,2024.01.09,22:30:00,1.09281,1.09296,1.09268,1.09276,1891,0,1,1.092749,1.0939746736923117,1.0915233263076882,0.002243284948898139,0.5044873280992253,1.0929060724939172,0.0005938865930649506,1.0937969023835146,1.09201524260432,0.4180132505526271,0.163020393429515
2024-01-09 22:45:00,2024.01.09,22:45:00,1.09276,1.09286,1.09247,1.09273,1756,0,1,1.092796,1.093940367073987,1.0916516329260133,0.002094383716607301,0.4711630990176134,1.0928851767008456,0.0005734979337584445,1.0937454236014832,1.092024929800208,0.4098068817623005,0.15742676705240882
2024-01-09 23:00:00,2024.01.09,23:00:00,1.09274,1.09294,1.09269,1.09286,709,0,1,1.0928559999999998,1.0938747718095945,1.0918372281904052,0.0018644209476722333,0.5019631481566547,1.0928799217769556,0.0005411481403826084,1.0936916439875295,1.0920681995663817,0.48772869788695344,0.14854737366829762
2024-01-09 23:15:00,2024.01.09,23:15:00,1.09285,1.09304,1.09282,1.09292,606,0,2,1.092871,1.0938842502159014,1.0918577497840984,0.0018542906086838878,0.5241796148823766,1.0928843736712137,0.0005090333263443585,1.0936479236607302,1.0921208236816973,0.5233294016602227,0.13973115691123453
2024-01-09 23:30:00,2024.01.09,23:30:00,1.09292,1.09303,1.0929,1.09297,558,0,3,1.0929034999999998,1.093885177645678,1.0919218223543217,0.0017964580508309038,0.5338705889315905,1.0928922110993522,0.0004711299937099191,1.0935989060899172,1.0921855161087872,0.5550371105543093,0.12932565231736787
2024-01-09 23:45:00,2024.01.09,23:45:00,1.09296,1.09309,1.09294,1.09305,685,0,3,1.0928845,1.093839015060135,1.0919299849398652,0.0017467812200372248,0.586693236656032,1.0929050163914773,0.0004390169943389144,1.0935635418829857,1.092246490899969,0.6100820016782416,0.12050919002689835
2024-01-10 00:00:00,2024.01.10,00:00:00,1.09305,1.09305,1.09231,1.09265,60,0,8,1.0928545,1.0937988405106343,1.0919101594893659,0.0017282090353916088,0.3917233785391526,1.0928826338780033,0.00046911529490504145,1.0935863068203608,1.0921789609356458,0.33470028190650825,0.1287737439583222
2024-01-10 00:15:00,2024.01.10,00:15:00,1.09271,1.09294,1.09257,1.09276,1479,0,8,1.0928035,1.0936472126288168,1.0919597873711833,0.0015441250486785097,0.4742210804281253,1.0928706370007333,0.00045920376541453545,1.093559442648855,1.0921818313526115,0.41968924686157316,0.12605437913715872
2024-01-10 00:30:00,2024.01.10,00:30:00,1.09276,1.09294,1.09275,1.09291,1180,0,8,1.092765,1.0935096744255213,1.0920203255744787,0.0013629177829108466,0.5973579829188838,1.0928702588736794,0.00043228338887307317,1.093518683956989,1.0922218337903697,0.5306443468517708,0.11866460415491899
2024-01-10 00:45:00,2024.01.10,00:45:00,1.0929,1.09293,1.09283,1.09286,297,0,8,1.0927375,1.0934231493272988,1.092051850672701,0.0012549204677223306,0.5893313791195695,1.0928705516793606,0.00039905504998576476,1.0934691342543392,1.092271969104382,0.49118611215747326,0.10954317948429783
2024-01-10 01:00:00,2024.01.10,01:00:00,1.09288,1.09329,1.09281,1.0932,370,0,3,1.0927095,1.0932578238094646,1.0921611761905354,0.0010036039944094348,0.9472722062524669,1.0928924039003738,0.0004071495449871919,1.0935031282178547,1.092281679582893,0.7518289274078158,0.11176293572931714
2024-01-10 01:15:00,2024.01.10,01:15:00,1.0932,1.09324,1.09314,1.09319,179,0,2,1.0927285,1.0933144786685756,1.0921425213314244,0.001072505509969898,0.8937856655447495,1.0929207463860524,0.00037643459048847163,1.0934853982717851,1.0923560945003197,0.7384244352591603,0.1033289719496796
2024-01-10 01:30:00,2024.01.10,01:30:00,1.09319,1.0932,1.09294,1.09303,343,0,2,1.0927615,1.0933372525510368,1.0921857474489631,0.001053757020240578,0.733173087567299,1.0929336911746823,0.0003647911314396172,1.0934808778718417,1.092386504477523,0.5880036245559419,0.10013172831578615
2024-01-10 01:45:00,2024.01.10,01:45:00,1.09303,1.09317,1.09302,1.09317,172,0,2,1.0927985,1.0933793708978983,1.0922176291021017,0.0010630887540535,0.8197784579535203,1.0929514348723315,0.00034331201829564275,1.093466402899775,1.092436466844888,0.7122123277765005,0.09423438425763077
2024-01-10 02:00:00,2024.01.10,02:00:00,1.09319,1.09355,1.09314,1.09353,644,0,3,1.0928525,1.093491620489442,1.092213379510558,0.0011696372373070209,1.0300252543861934,1.0929947902813157,0.0003499808164660806,1.0935197615060148,1.0924698190566167,1.0097514811320751,0.09606106623142464
2024-01-10 02:15:00,2024.01.10,02:15:00,1.09353,1.09364,1.09341,1.09357,499,0,3,1.0929175,1.093570703643609,1.0922642963563909,0.001195339343745711,0.9994613903213484,1.0930467150164285,0.0003379827348194678,1.0935536891186577,1.0925397409141993,1.0160865035023683,0.09276348307246843
2024-01-10 02:30:00,2024.01.10,02:30:00,1.09357,1.09359,1.09301,1.09302,962,0,3,1.0929655,1.0934875143676412,1.0924434856323588,0.0009552257004291724,0.5522016283252257,1.0930619485069273,0.00036218446133752356,1.0936052251989337,1.092518671814921,0.4613930548241813,0.09940455666734518
2024-01-10 02:45:00,2024.01.10,02:45:00,1.09304,1.09335,1.09287,1.09306,1349,0,3,1.0929925,1.0934738262926786,1.0925111737073214,0.0008807494885438056,0.5701187541867345,1.0930649375380135,0.0003739660152037748,1.093625886560819,1.092503988515208,0.4955989423166602,0.1026378220618864
2024-01-10 03:00:00,2024.01.10,03:00:00,1.09306,1.09309,1.0926,1.09272,1487,0,3,1.092988,1.0934776774448796,1.0924983225551206,0.0008960344393158722,0.22635047539701061,1.0930400228518535,0.0003855694136833853,1.0936183769723786,1.0924616687313284,0.22333312714789094,0.10582487528976439
2024-01-10 03:15:00,2024.01.10,03:15:00,1.09272,1.09292,1.09264,1.09283,1309,0,3,1.0929895,1.0934770438442065,1.0925019561557936,0.000892129053767601,0.3364249678306407,1.093016846072312,0.0003750124723150304,1.0935793647807845,1.0924543273638394,0.33392012612401933,0.10292955877010428
2024-01-10 03:30:00,2024.01.10,03:30:00,1.09284,1.09334,1.09279,1.09314,1209,0,3,1.0930084999999998,1.0934883447665895,1.0925286552334101,0.0008780256815746405,0.6370234804630244,1.093023813113044,0.00039251122508353244,1.0936125799506693,1.0924350462754189,0.598669693612972,0.107731749402301
2024-01-10 03:45:00,2024.01.10,03:45:00,1.09314,1.09328,1.09296,1.09321,1050,0,3,1.0930325,1.0935021328353336,1.0925628671646666,0.0008593208991196916,0.6889774166598522,1.0930358309118018,0.00038526010257518896,1.0936137210656647,1.092457940757939,0.6506939398724821,0.10574038609161072
2024-01-10 04:00:00,2024.01.10,04:00:00,1.09321,1.0934,1.09315,1.09321,1146,0,3,1.09305,1.0935187003307267,1.0925812996692734,0.000857600897903402,0.6706847526135511,1.0930565454281382,0.0003717340923176562,1.0936141465666147,1.0924989442896618,0.6376024556559013,0.10202603713572109
2024-01-10 04:15:00,2024.01.10,04:15:00,1.09321,1.09351,1.0932,1.09331,784,0,3,1.0930695,1.0935473064461922,1.0925916935538076,0.0008742471474912261,0.7516709453342953,1.0930835411016488,0.00036556068308589386,1.0936318821262776,1.09253520007702,0.7064945792670518,0.10032920705696721
2024-01-10 04:30:00,2024.01.10,04:30:00,1.09331,1.09342,1.09314,1.09341,585,0,0,1.0930915,1.0935890650711444,1.0925939349288558,0.0009103813745588366,0.8200586400361749,1.0931063784570474,0.00035700461477731024,1.0936418853792134,1.0925708715348814,0.7834898396126613,0.09797892185422205
2024-01-10 04:45:00,2024.01.10,04:45:00,1.09341,1.0936,1.09315,1.09337,860,0,3,1.0931075,1.0936190808831676,1.0925959191168322,0.0009360120265714345,0.7565576711688776,1.0931318027309793,0.00036630415329956317,1.0936812589609286,1.09258234650103,0.7167572738620327,0.10052881611834455
2024-01-10 05:00:00,2024.01.10,05:00:00,1.09337,1.09347,1.09312,1.09331,860,0,3,1.0931405,1.093613468286487,1.092667531713513,0.0008653385113569917,0.679187489777484,1.093147821518505,0.0003646737379695919,1.0936948321254594,1.0926008109115508,0.6482407099909012,0.10007989700686955
2024-01-10 05:15:00,2024.01.10,05:15:00,1.09331,1.09359,1.0933,1.09345,968,0,3,1.093175,1.0936323182699415,1.0927176817300586,0.000836678976269019,0.8006658798425413,1.093176282961187,0.00035720636417264505,1.093712092507446,1.0926404734149282,0.7554238168432301,0.09802802249010985
2024-01-10 05:30:00,2024.01.10,05:30:00,1.09344,1.09348,1.09311,1.09316,879,0,3,1.0931875,1.0936285385470932,1.0927464614529068,0.0008068854557762667,0.46882358675753427,1.0931833036315501,0.0003584857277553787,1.0937210322231832,1.092645575039917,0.4783314185698589,0.09837848599529528
2024-01-10 05:45:00,2024.01.10,05:45:00,1.09317,1.09323,1.09275,1.09292,1022,0,3,1.0931905,1.0936233267552058,1.0927576732447941,0.000791859708268302,0.18751931720184375,1.0931626715396565,0.0003706371549798222,1.0937186272721262,1.0926067158071868,0.28175282177717836,0.10171509637932684
2024-01-10 06:00:00,2024.01.10,06:00:00,1.09292,1.09309,1.09285,1.09306,550,0,3,1.0931834999999999,1.0936199985681787,1.092747001431821,0.0007985824304498645,0.3585333274800778,1.0931471790120701,0.0003575734394818196,1.093683539171293,1.0926108188528474,0.4187309025743469,0.09813137142383593
2024-01-10 06:15:00,2024.01.10,06:15:00,1.09307,1.09314,1.09297,1.09308,545,0,3,1.093178,1.0936167983591836,1.0927392016408164,0.0008027939808221347,0.3883313964730107,1.0931391937093333,0.000338816095533638,1.0936474178526339,1.0926309695660328,0.44176417028434306,0.09298434201704728
2024-01-10 06:30:00,2024.01.10,06:30:00,1.09308,1.09327,1.09299,1.09323,567,0,3,1.093188,1.093621940088056,1.092754059911944,0.0007938983743984986,0.5483937773392096,1.093141492721143,0.00033293448598028,1.0936408944501133,1.0926420909921726,0.5886133084075338,0.0913700069562239
2024-01-10 06:45:00,2024.01.10,06:45:00,1.09321,1.09329,1.09305,1.09319,621,0,3,1.093189,1.0936228617291512,1.0927551382708487,0.0007937542897911976,0.5011524408964303,1.0931448426207167,0.0003236410373822538,1.09363030417679,1.0926593810646432,0.5465097377109563,0.08881925562756705
2024-01-10 07:00:00,2024.01.10,07:00:00,1.0932,1.09331,1.09301,1.0931,506,0,0,1.0931675,1.0935733509578927,1.0927616490421075,0.0007425229123489016,0.4168413937586735,1.0931443814187436,0.00032127693364402516,1.0936262968192096,1.0926624660182775,0.4539531018299966,0.08817049397273433
2024-01-10 07:15:00,2024.01.10,07:15:00,1.0931,1.09336,1.09304,1.09325,519,0,0,1.0931514999999998,1.0935157128498865,1.0927872871501132,0.0006663538400425485,0.6352231257503439,1.0931512657280695,0.0003211492402796324,1.093632989588489,1.09266954186765,0.6024801551707757,0.08813489505475104
2024-01-10 07:30:00,2024.01.10,07:30:00,1.09325,1.09342,1.09319,1.09327,616,0,3,1.093164,1.0935264582734914,1.0928015417265087,0.0006631361323485783,0.6462237280155076,1.0931647959761899,0.00031203431625166444,1.0936328474505674,1.0926967445018123,0.6123851003246982,0.08563237237430334
2024-01-10 07:45:00,2024.01.10,07:45:00,1.09327,1.09329,1.09303,1.09322,1004,0,3,1.0931719999999998,1.0935319777771226,1.092812022222877,0.0006585931164040461,0.5666707822687244,1.0931662439784575,0.0003068308846265129,1.0936264903053974,1.0927059976515177,0.5583991858229272,0.08420426984002835
2024-01-10 08:00:00,2024.01.10,08:00:00,1.09321,1.09323,1.09274,1.09286,1240,0,3,1.093179,1.0935076274486744,1.0928503725513254,0.0006012326410852326,0.014647967954794292,1.0931450143932075,0.0003251477961638496,1.0936327360874534,1.0926572926989617,0.2078104208094227,0.0892327528048148
2024-01-10 08:15:00,2024.01.10,08:15:00,1.09286,1.09335,1.09267,1.09311,1328,0,3,1.0931929999999999,1.0934824892053634,1.0929035107946363,0.0005296214032902436,0.3566440501717444,1.0931353304827434,0.00036063301654746605,1.0936762800075646,1.0925943809579222,0.4765870182142152,0.0989721052346389
2024-01-10 08:30:00,2024.01.10,08:30:00,1.09312,1.09314,1.09271,1.09278,1305,0,1,1.093175,1.093515675798997,1.092834324201003,0.0006232776984416808,-0.07973005591073792,1.0931106958335932,0.0003675697148927125,1.0936620504059322,1.0925593412612542,0.2001060205321062,0.10087808571272958
2024-01-10 08:45:00,2024.01.10,08:45:00,1.09278,1.09296,1.09234,1.09244,2088,0,1,1.0931365,1.093603330804492,1.092669669195508,0.0008541125550046983,-0.24598761831696253,1.093060153373251,0.0003928127434034256,1.093649372488356,1.0924709342581458,-0.02625021605094274,0.1078109220772078
2024-01-10 09:00:00,2024.01.10,09:00:00,1.09245,1.09295,1.09245,1.09273,3070,0,1,1.0931125,1.0936100891880085,1.0926149108119914,0.0009104080101701768,0.11564679336103088,1.0930268054329413,0.00040453146906308413,1.0936336026365359,1.0924200082293467,0.25543276140440907,0.11103061710444131
2024-01-10 09:15:00,2024.01.10,09:15:00,1.09273,1.09347,1.09255,1.09331,2718,0,1,1.0931125,1.0936100891880085,1.0926149108119914,0.0009104080101701768,0.6984568844738138,1.0930347287250421,0.00045607832215677896,1.0937188462082774,1.0923506112418069,0.7011871364959615,0.12517762981479102
2024-01-10 09:30:00,2024.01.10,09:30:00,1.09331,1.09404,1.09321,1.09398,1981,0,0,1.093141,1.0937551302793564,1.0925268697206434,0.0011236067064660982,1.1830798188937361,1.0931022148782128,0.0004934704899410897,1.0938424206131245,1.092362009143301,1.0929332078816065,0.13543211693047497
2024-01-10 09:45:00,2024.01.10,09:45:00,1.09398,1.09454,1.09259,1.09263,3653,0,0,1.0931039999999999,1.0937469743385415,1.0924610256614582,0.0011764193316311305,0.13140053063785412,1.0931166071120337,0.0006391234409469926,1.0940752922734542,1.0921579219506132,0.24621120070705588,0.17540400633987385
2024-01-10 10:00:00,2024.01.10,10:00:00,1.09263,1.09339,1.09228,1.09308,3933,0,0,1.0930925,1.0937285149369498,1.0924564850630503,0.0011636982907663497,0.4901731867651417,1.0930975651648558,0.0006862110968523101,1.0941268818101342,1.0920682485195774,0.49146756008643644,0.188330242071878
2024-01-10 10:15:00,2024.01.10,10:15:00,1.09308,1.09421,1.09299,1.09409,2525,0,0,1.0931244999999998,1.0938820348176965,1.0923669651823031,0.0013859991569060842,1.137264438178437,1.0931609716570918,0.000739589987167079,1.0942703566378424,1.0920515866763412,0.9187132325694529,0.20296827448366603
2024-01-10 10:30:00,2024.01.10,10:30:00,1.09409,1.09409,1.09365,1.0939,2189,0,0,1.0931615000000001,1.0939912053694067,1.0923317946305935,0.0015179922992286689,0.94503749597771,1.0932294505468927,0.0007096309884503706,1.0942938970295681,1.0921650040642172,0.814975653553761,0.19473432263336082
2024-01-10 10:45:00,2024.01.10,10:45:00,1.0939,1.09449,1.09381,1.09434,2420,0,0,1.0932325,1.094199120401203,1.0922658795987972,0.0017683711400875437,1.0728722457243032,1.0933231536694108,0.000706667889605335,1.0943831555038188,1.0922631518350028,0.9796436655023211,0.19390457996804367
2024-01-10 11:00:00,2024.01.10,11:00:00,1.09435,1.09489,1.09415,1.09478,2476,0,0,1.0933185,1.0944922849036431,1.092144715096357,0.002147196637838032,1.1225586968549206,1.0934453930024828,0.0007100011006447979,1.09451039465345,1.0923803913515155,1.1265750838532582,0.19479740968917617
2024-01-10 11:15:00,2024.01.10,11:15:00,1.09479,1.09499,1.0946,1.09479,1438,0,0,1.093404,1.094734494644867,1.0920735053551331,0.002433674368974135,1.0208589171505242,1.0935737682720876,0.0006780009905803071,1.094590769757958,1.0925567667862173,1.0979498283974645,0.18599595480006526
2024-01-10 11:30:00,2024.01.10,11:30:00,1.09478,1.09519,1.09474,1.09479,1679,0,0,1.093482,1.0949394031700317,1.0920245968299684,0.002665618949432407,0.9487433631599288,1.0937007109763333,0.0006552008915222826,1.0946835123136167,1.0927179096390498,1.0541755909070887,0.17972034349435903
2024-01-10 11:45:00,2024.01.10,11:45:00,1.09479,1.09491,1.09449,1.09473,1430,0,0,1.093559,1.0951064999192301,1.0920115000807697,0.002830208373266005,0.8783522006846193,1.093796833740492,0.0006316808023700631,1.094744354944047,1.092849312536937,0.9924250011539885,0.17325360145992458
2024-01-10 12:00:00,2024.01.10,12:00:00,1.09472,1.09545,1.09452,1.09512,2017,0,0,1.0936599999999999,1.0953330690362373,1.0919869309637624,0.0030595779972522157,0.9363238958996092,1.0939142781461595,0.0006615127221330665,1.094906547229359,1.0929220090629599,1.1075579065472407,0.18141624129473616
2024-01-10 12:15:00,2024.01.10,12:15:00,1.09511,1.09549,1.09493,1.09532,1552,0,0,1.0937635,1.0955728675690737,1.0919541324309265,0.003308517004038939,0.9301226645719409,1.0940411722909698,0.0006513614499197714,1.0950182144658493,1.0930641301160902,1.1544383353706882,0.17861159152422493
2024-01-10 12:30:00,2024.01.10,12:30:00,1.09533,1.09533,1.09472,1.09484,1557,0,0,1.093842,1.0956946262440153,1.0919893737559847,0.003387374491042173,0.7693473665354773,1.0941289971521473,0.0006472253049277942,1.095099835109539,1.0931581591947557,0.866179980108641,0.17746316200714127
2024-01-10 12:45:00,2024.01.10,12:45:00,1.09483,1.09532,1.09472,1.09492,1288,0,0,1.0939269999999999,1.095813362637462,1.0920406373625378,0.0034487907099141233,0.7632049586541828,1.094210679963054,0.0006425027744350304,1.0951744341247065,1.0932469258014015,0.8679984300818289,0.17615513708658906
2024-01-10 13:00:00,2024.01.10,13:00:00,1.09493,1.09555,1.09481,1.09536,1467,0,0,1.094052,1.095970036496006,1.092133963503994,0.0035062985964215256,0.8409736995942223,1.0943087104427631,0.0006522524969915236,1.0952870891882505,1.0933303316972758,1.037261036222281,0.17881220100888776
2024-01-10 13:15:00,2024.01.10,13:15:00,1.09536,1.09537,1.09445,1.09446,1439,0,0,1.0941195000000001,1.0959947223868147,1.0922442776131855,0.0034278200631916163,0.5907892318249934,1.0943516904005952,0.0006790272472923745,1.0953702312715339,1.0933331495296565,0.5531690001329848,0.18614507198610397
2024-01-10 13:30:00,2024.01.10,13:30:00,1.09446,1.09461,1.09416,1.09448,1696,0,0,1.0942045,1.0959806472348907,1.0924283527651093,0.0032464630421291884,0.5775555073892348,1.0943578786164114,0.0006561245225631433,1.0953420654002561,1.0933736918325667,0.5620417717414392,0.17986561856510952
2024-01-10 13:45:00,2024.01.10,13:45:00,1.09447,1.09472,1.09432,1.0946,1385,0,0,1.0943125,1.0958988905572113,1.0927261094427887,0.0028993373596871565,0.5906145081024009,1.0943758584307215,0.0006305120703068246,1.0953216265361818,1.0934300903252612,0.6184971072636409,0.17284155131428125
2024-01-10 14:00:00,2024.01.10,14:00:00,1.0946,1.09507,1.09455,1.09486,2015,0,0,1.094419,1.0958439056109117,1.0929940943890883,0.0026039489645404298,0.6547470922364296,1.0944187925484306,0.0006194608632761496,1.0953479838433449,1.0934896012535162,0.7374147573186637,0.16980543485563224
2024-01-10 14:15:00,2024.01.10,14:15:00,1.09488,1.09497,1.0945,1.09487,1615,0,0,1.094497,1.0958389105782456,1.0931550894217545,0.0024521046256782953,0.6389809447987356,1.0944531932581039,0.0006045147769485317,1.0953599654235266,1.093546421092681,0.7298299163725485,0.165703233543208
2024-01-10 14:30:00,2024.01.10,14:30:00,1.09487,1.09504,1.09429,1.09446,2202,0,0,1.0945209999999999,1.095842073805662,1.0931999261943377,0.002413976169780487,0.4769127206449711,1.0944668573922527,0.0006190632992536813,1.0953954523411331,1.0935382624433723,0.49630765154335094,0.1696890029348086
2024-01-10 14:45:00,2024.01.10,14:45:00,1.09449,1.09471,1.09434,1.09441,2524,0,0,1.0946099999999999,1.0956104199118397,1.09360958008816,0.001827902014123489,0.4000419735589133,1.094468743989816,0.0005941569693283114,1.0953599794438085,1.0935775085358235,0.46704350710426157,0.16286174619177493
2024-01-10 15:00:00,2024.01.10,15:00:00,1.0944,1.0952,1.09412,1.09513,3106,0,0,1.0947125,1.0954505481014165,1.0939744518985834,0.001348387090522001,0.7828406435831576,1.0945018794828494,0.0006427412723954772,1.0954659913914426,1.0935377675742561,0.8257508342921814,0.17617364148315348
2024-01-10 15:15:00,2024.01.10,15:15:00,1.09513,1.09521,1.0942,1.09464,3763,0,0,1.09474,1.0954220850386898,1.0940579149613103,0.0012461133030486089,0.4266953573764874,1.0945191608019431,0.000679467145155925,1.095538361519677,1.0934999600842092,0.5592813544743286,0.186237163173482
2024-01-10 15:30:00,2024.01.10,15:30:00,1.09465,1.09488,1.09424,1.09428,2887,0,0,1.094759,1.0953631489882507,1.0941548510117494,0.0011037113889918685,0.10357460716182586,1.0945141613604883,0.00067552043064033,1.0955274420064487,1.093500880714528,0.38445384730188426,0.18515624223644345
2024-01-10 15:45:00,2024.01.10,15:45:00,1.09428,1.09446,1.09403,1.09404,2548,0,0,1.094744,1.095401553039689,1.0940864469603109,0.0012012909679140745,-0.035318033304916785,1.0944820190086957,0.0006509683875762901,1.0954584715900602,1.0935055664273312,0.27366079155727435,0.1784319092329858
2024-01-10 16:00:00,2024.01.10,16:00:00,1.09403,1.09417,1.09371,1.09397,3123,0,0,1.0947035,1.0954419923831733,1.0939650076168268,0.0013492098694728762,0.0033801182565051883,1.094431350531677,0.0006318715488186739,1.095379157854905,1.0934835432084489,0.2566221950546048,0.17320544093837068
2024-01-10 16:15:00,2024.01.10,16:15:00,1.09397,1.09401,1.09351,1.09381,2489,0,0,1.0946545,1.0954875300114675,1.0938214699885327,0.0015219962307146135,-0.006884498982538023,1.0943689996873902,0.000618684393936801,1.0952970262782955,1.093440973096485,0.19882345351497266,0.16960030687462618
2024-01-10 16:30:00,2024.01.10,16:30:00,1.09381,1.09406,1.0933,1.09366,3902,0,0,1.094598,1.0955335768274204,1.0936624231725796,0.0017094436997334246,-0.0012950152827967724,1.0943027457489087,0.0006328159545431304,1.0952519696807235,1.093353521817094,0.16143618625383271,0.17348470256558013
2024-01-10 16:45:00,2024.01.10,16:45:00,1.09366,1.09404,1.09318,1.094,4816,0,0,1.0945615,1.0955300096798724,1.0935929903201276,0.0017696761303451418,0.21012163756904004,1.0942491509156793,0.0006555343590888035,1.0952324524543124,1.0932658493770462,0.3733089973470546,0.1797216909531605
2024-01-10 17:00:00,2024.01.10,17:00:00,1.09398,1.09473,1.09354,1.09448,4523,0,0,1.0945295,1.095463769233148,1.093595230766852,0.0017071613568167665,0.47350870699592285,1.0942492317808528,0.0007089809231799256,1.0953127031656227,1.0931857603960828,0.6084976156631912,0.19437461848415608
2024-01-10 17:15:00,2024.01.10,17:15:00,1.09447,1.09488,1.0944,1.0947,3849,0,0,1.0944985,1.0953644393743254,1.0936325606256747,0.001582349129442079,0.6163476370138256,1.0942883525636287,0.0006860828308619366,1.0953174768099216,1.0932592283173357,0.6999989009364727,0.1880901398396523
2024-01-10 17:30:00,2024.01.10,17:30:00,1.0947,1.09657,1.09468,1.09635,4868,0,0,1.094574,1.0957527009798953,1.0933952990201046,0.002153716386275143,1.253371733074176,1.0944386681924894,0.0008064745477757377,1.095648380014153,1.0932289563708257,1.2899946802545335,0.22106525597483084
2024-01-10 17:45:00,2024.01.10,17:45:00,1.09637,1.09692,1.09632,1.09671,4598,0,0,1.0946635,1.0961621163618502,1.0931648836381498,0.002738040250451805,1.1827964955198436,1.0946492712217761,0.0007858270929981574,1.0958280118612733,1.093470530582279,1.3741230721895612,0.21536407514007758
2024-01-10 18:00:00,2024.01.10,18:00:00,1.09671,1.09692,1.09614,1.09618,3979,0,0,1.0947045000000002,1.0963175898921032,1.0930914101078972,0.0029470782153594123,0.9573520692254031,1.0948172771371625,0.0007852443836983419,1.09599514371271,1.093639410561615,1.0784708094819635,0.21517135327413342
2024-01-10 18:15:00,2024.01.10,18:15:00,1.09619,1.09639,1.09568,1.09598,3194,0,0,1.0947805000000002,1.0964811995619463,1.093079800438054,0.003106923373125816,0.8526490001053326,1.094931504711401,0.0007777199453285065,1.0960980846293937,1.0937649247934083,0.9493885384222289,0.21308728682534755
2024-01-10 18:30:00,2024.01.10,18:30:00,1.09597,1.09599,1.09523,1.09556,2691,0,0,1.0948345,1.096561977640956,1.0931070223590438,0.0031556872585877674,0.7099882460992648,1.0949945360087279,0.0007759479507956653,1.0961584579349213,1.0938306140825345,0.7429131965584497,0.2125895404804348
2024-01-10 18:45:00,2024.01.10,18:45:00,1.09556,1.09598,1.09535,1.0959,2307,0,0,1.0948995,1.0966836914134988,1.093115308586501,0.003259096224811203,0.7803791096713609,1.0950658500396426,0.0007613531557160896,1.0962078797732167,1.0939238203060686,0.8652050099199098,0.20857736245408087
2024-01-10 19:00:00,2024.01.10,19:00:00,1.09591,1.09647,1.09579,1.09641,2434,0,1,1.0949769999999999,1.0968784005364471,1.0930755994635526,0.0034729506399627996,0.8768274943999359,1.0951760865438036,0.0007532178401444821,1.0963059133040203,1.094046259783587,1.046063122084253,0.20632787258571653
2024-01-10 19:15:00,2024.01.10,19:15:00,1.0964,1.09669,1.09623,1.0966,2090,0,1,1.0950635,1.0970907964756051,1.0930362035243948,0.003702609895417349,0.8789529598874737,1.0953028084602667,0.0007238960561300244,1.0963886525444617,1.0942169643760717,1.097319430392711,0.19827285674934467
2024-01-10 19:30:00,2024.01.10,19:30:00,1.09659,1.09681,1.0965,1.09674,2536,0,1,1.0951775,1.097309924676278,1.0930450753237217,0.00389420833842581,0.8663669852872007,1.0954342870196065,0.0006825064505170252,1.0964580466953822,1.094410527343831,1.1377048301908728,0.18691393685713464
2024-01-10 19:45:00,2024.01.10,19:45:00,1.09674,1.09678,1.09641,1.0967,1865,0,0,1.0952920000000002,1.0974921327232692,1.0930918672767311,0.004017435940861471,0.8199806959617887,1.0955481644463108,0.0006512558054653208,1.0965250481545088,1.0945712807381127,1.0895458917079943,0.17833697137209042
2024-01-10 20:00:00,2024.01.10,20:00:00,1.09671,1.09687,1.09592,1.09645,3502,0,1,1.095358,1.0976132392334295,1.0931027607665706,0.004117812137090169,0.7421029183541056,1.09563056148317,0.0006811302249187895,1.0966522568205483,1.0946088661457918,0.9010190155768845,0.1865036214388175
2024-01-10 20:15:00,2024.01.10,20:15:00,1.09645,1.09698,1.09636,1.09685,1993,0,1,1.0954685000000002,1.097787847106407,1.0931491528935933,0.004234438701627496,0.7978208816144209,1.0957352699133442,0.000675017202426917,1.0967477957169847,1.0947227441097038,1.0504699646408888,0.18481212231499922
2024-01-10 20:30:00,2024.01.10,20:30:00,1.09684,1.09692,1.0965,1.09672,1583,0,1,1.0955905,1.0979036318596216,1.0932773681403782,0.004222621243286932,0.7441495056370762,1.095828418810486,0.0006495154821842119,1.0968026920337623,1.0948541455872098,0.9575621951897855,0.17781492185315342
2024-01-10 20:45:00,2024.01.10,20:45:00,1.09672,1.09699,1.09656,1.09692,1196,0,1,1.0957345,1.0980017315717623,1.0934672684282378,0.004138286367294686,0.7614421955756371,1.0959231725745668,0.0006275639339657838,1.0968645184755155,1.0949818266736182,1.029469254834229,0.17179049125080562
2024-01-10 21:00:00,2024.01.10,21:00:00,1.09692,1.09709,1.0967,1.09689,1479,0,1,1.0958805000000003,1.0980483143370674,1.0937126856629331,0.003956296944908029,0.7328382054538458,1.0960155688373066,0.0006038075405691944,1.0969212801481603,1.0951098575264528,0.9827317226882948,0.1652734389192152
2024-01-10 21:15:00,2024.01.10,21:15:00,1.09688,1.09702,1.09676,1.0969,985,0,1,1.096035,1.0980235723522147,1.0940464276477855,0.003628665785699567,0.7174927150718377,1.0960991654559757,0.0005694267865122899,1.0969533056357441,1.0952450252762074,0.9687957334131131,0.15585089500785249
2024-01-10 21:30:00,2024.01.10,21:30:00,1.0969,1.09706,1.09666,1.09696,1287,0,0,1.0962,1.097899564650136,1.0945004353498642,0.003100829502163613,0.7235866696624667,1.0961748004919145,0.0005524841078610565,1.0970035266537062,1.0953460743301229,0.9737388200632431,0.15120328645025266
2024-01-10 21:45:00,2024.01.10,21:45:00,1.09696,1.0971,1.09667,1.09702,1564,0,0,1.0963509999999999,1.097752355058502,1.0949496449414977,0.0025563985594068703,0.7386975363386219,1.0962467242545895,0.0005402356970749439,1.0970570778002018,1.0954363707089771,0.9771224545123312,0.1478414535128179
2024-01-10 22:00:00,2024.01.10,22:00:00,1.09703,1.09728,1.09627,1.09657,1940,0,1,1.0964554999999998,1.0975643638329335,1.095346636167066,0.0020226335367622993,0.5516294231083834,1.0962905282938349,0.0005872121273674451,1.097171346484886,1.0954097101027838,0.6586432415931657,0.160690650574524
2024-01-10 22:15:00,2024.01.10,22:15:00,1.09656,1.0973,1.09617,1.09634,5055,0,1,1.0965375,1.0973049600966742,1.0957700399033257,0.0013997881452741513,0.37132881510341714,1.0963203192499775,0.0006414909146306858,1.0972825556219234,1.0953580828780316,0.5102265672948767,0.175539275346865
2024-01-10 22:30:00,2024.01.10,22:30:00,1.09634,1.09662,1.09613,1.09634,2447,0,1,1.096537,1.0973049609364984,1.0957690390635018,0.0014007022772571016,0.37173826777032315,1.0963244158293448,0.0006263418231676052,1.0972639285640962,1.0953849030945935,0.5082937516857635,0.17139319733942554
2024-01-10 22:45:00,2024.01.10,22:45:00,1.09634,1.0966,1.09619,1.09655,1972,0,1,1.0965289999999999,1.0972929083714604,1.0957650916285393,0.001393320872426656,0.5137451039840666,1.0963360587662325,0.0006047076408508469,1.0972431202275088,1.0954289973049562,0.6179309467444264,0.16547142712738064
2024-01-10 23:00:00,2024.01.10,23:00:00,1.09648,1.09679,1.09641,1.09677,786,0,10,1.0965585,1.0973117137810655,1.0958052862189345,0.0013737776526569635,0.6403983870959161,1.0963665928519881,0.0005822368767657447,1.0972399481671367,1.0954932375368396,0.7309524777686228,0.15931811874651736
2024-01-10 23:15:00,2024.01.10,23:15:00,1.09678,1.09695,1.09676,1.09689,758,0,15,1.096604,1.0973210048814244,1.0958869951185755,0.0013076824111975783,0.6994407621269049,1.0964142189295767,0.0005430131890891837,1.0972287387132105,1.095599699145943,0.7920623169523577,0.14857884357409992
2024-01-10 23:30:00,2024.01.10,23:30:00,1.09688,1.09719,1.09686,1.09713,811,0,3,1.0966825,1.0972541598638925,1.0961108401361075,0.0010425257335509872,0.8914040745775306,1.0964757218886645,0.0005217118701802817,1.097258289693935,1.095693154083394,0.9180328572994145,0.14274238629241245
2024-01-10 23:45:00,2024.01.10,23:45:00,1.09714,1.09726,1.09705,1.09718,786,0,1,1.0967464999999998,1.0972337894416924,1.0962592105583073,0.0008886090663476343,0.9448075034157404,1.0965412086929187,0.0004905406831622357,1.097277019717662,1.0958053976681754,0.9340729382956655,0.1342058134997741
2024-01-11 00:00:00,2024.01.11,00:00:00,1.09716,1.09718,1.09659,1.09684,92,0,12,1.096768,1.0972313616298148,1.096304638370185,0.0008449583317800345,0.5776930968893992,1.096572522150736,0.0005004866148460212,1.0973232520730052,1.095821792228467,0.678145189987562,0.13692298632409172
2024-01-11 00:15:00,2024.01.11,00:15:00,1.097,1.0972,1.09687,1.09716,3966,0,8,1.0967959999999999,1.0972824730208184,1.0963095269791814,0.0008870802242504548,0.8741214665795788,1.096620535914158,0.0004864379533614107,1.0973501928442002,1.095890878984116,0.8696696787425022,0.13307373082045554
2024-01-11 00:30:00,2024.01.11,00:30:00,1.09716,1.09721,1.097,1.09707,281,0,8,1.0968125,1.097312454997959,1.096312545002041,0.000911650802591988,0.757523178137283,1.0966655642397938,0.000458794158025274,1.0973537554768318,1.0959773730027558,0.7938396614485498,0.12550612684096774
2024-01-11 00:45:00,2024.01.11,00:45:00,1.09707,1.09727,1.09704,1.09727,195,0,3,1.096841,1.0973758233353021,1.0963061766646978,0.0009752066804617853,0.9010670175391784,1.096715827962988,0.00043591474222274185,1.097369700076322,1.096061955849654,0.9237617920316727,0.11924184855588234
2024-01-11 01:00:00,2024.01.11,01:00:00,1.0973,1.09731,1.09709,1.09727,441,0,3,1.096882,1.097416363172368,1.096347636827632,0.0009743311903522729,0.8630489712461487,1.0967641618077828,0.00041432326800047855,1.0973856467097836,1.096142676905782,0.9069593570082825,0.11333063636513642
2024-01-11 01:15:00,2024.01.11,01:15:00,1.09727,1.09735,1.09714,1.09726,272,0,2,1.0969025,1.0974612799208838,1.096343720079116,0.0010188324320236921,0.8198933843528964,1.0968104321118035,0.00039389094120043507,1.097401268523604,1.096219595700003,0.8804503913581839,0.1077371976965934
2024-01-11 01:30:00,2024.01.11,01:30:00,1.09727,1.09734,1.09724,1.09731,207,0,3,1.096932,1.0975110544015745,1.0963529455984256,0.001055770825492307,0.8263942031803901,1.0968567401646476,0.00036450184708039046,1.0974034929352683,1.096309987394027,0.914501635572739,0.09969447250487602
2024-01-11 01:45:00,2024.01.11,01:45:00,1.09731,1.09747,1.09727,1.0974,293,0,2,1.096956,1.097569820820747,1.0963421791792531,0.00111913480713338,0.861669061225087,1.0969065744346813,0.0003480516623723492,1.09742865192824,1.0963844969411227,0.9725596979438074,0.09519087691267754
2024-01-11 02:00:00,2024.01.11,02:00:00,1.0974,1.09753,1.09728,1.09735,397,0,0,1.0969790000000001,1.0976152672394381,1.0963427327605622,0.0011600354053049203,0.791544163367266,1.0969522975043942,0.0003382464961351004,1.0974596672485968,1.0964449277601915,0.8919257111309563,0.09250534327826435
2024-01-11 02:15:00,2024.01.11,02:15:00,1.09736,1.09763,1.09735,1.09754,706,0,3,1.097011,1.0976910264700597,1.0963309735299402,0.0012397805857183085,0.8889554475383509,1.0970050945674679,0.00033242184652159616,1.0975037273372503,1.0965064617976854,1.0363721208751098,0.0909080135091008
2024-01-11 02:30:00,2024.01.11,02:30:00,1.09755,1.09769,1.09748,1.09764,725,0,3,1.097045,1.0977774069906694,1.0963125930093307,0.0013352360033897297,0.9061949213893586,1.0970620696880264,0.0003201796618694409,1.0975423391808306,1.0965818001952223,1.101672936374945,0.08755557339443584
2024-01-11 02:45:00,2024.01.11,02:45:00,1.09764,1.09788,1.09755,1.09777,1154,0,3,1.0970825,1.0978798675438473,1.0962851324561527,0.0014536145528659765,0.9311060848318258,1.0971259995590081,0.00032116169568249093,1.0976077421025319,1.0966442570154844,1.168407274434596,0.08781900050083045
2024-01-11 03:00:00,2024.01.11,03:00:00,1.09778,1.09793,1.09766,1.09778,1401,0,3,1.097143,1.0979590416655909,1.096326958334409,0.0014875757592053274,0.8902986984976677,1.0971892376962455,0.0003160455261142411,1.0976633059854168,1.0967151694070743,1.1230772203590447,0.08641504544224064
2024-01-11 03:15:00,2024.01.11,03:15:00,1.09779,1.09787,1.09755,1.09769,975,0,3,1.0972104999999999,1.0979711438062454,1.0964498561937543,0.0013865047887265392,0.8151935216346292,1.097238199185492,0.0003164409735028046,1.0977128606457462,1.0967635377252378,0.9759189994760172,0.08651931013822965
2024-01-11 03:30:00,2024.01.11,03:30:00,1.09769,1.09771,1.0975,1.09756,1056,0,3,1.0972715000000002,1.0979322351965646,1.0966107648034358,0.0012043239919462033,0.7183174148282222,1.097271704024969,0.0003057968761525285,1.0977303993391978,1.0968130087107404,0.814256507629429,0.08360651469387927
2024-01-11 03:45:00,2024.01.11,03:45:00,1.09756,1.09802,1.09756,1.09787,1025,0,3,1.0973375,1.0979593319708556,1.0967156680291446,0.001133346797781948,0.9281703297332916,1.0973236052289403,0.00032121718853726615,1.0978054310117462,1.0968417794461345,1.0670044968096941,0.0878183574125048
2024-01-11 04:00:00,2024.01.11,04:00:00,1.09787,1.09807,1.09773,1.098,862,0,3,1.097399,1.0980274234241159,1.0967705765758842,0.001145296148649384,0.9781807750448257,1.0973816745722158,0.00032309546968354024,1.0978663177767412,1.0968970313676905,1.1379181860084693,0.08832719112322936
2024-01-11 04:15:00,2024.01.11,04:15:00,1.09801,1.09849,1.09799,1.09801,1710,0,3,1.0974549999999998,1.098091568927907,1.0968184310720928,0.0011600820587761478,0.9359307968618672,1.0974561182637508,0.0003407859227151807,1.0979672971478236,1.096944939379678,1.0417689907651313,0.09315705212551646
2024-01-11 04:30:00,2024.01.11,04:30:00,1.098,1.0981,1.09769,1.09783,1024,0,3,1.09749,1.098128216264268,1.096851783735732,0.0011630470697099118,0.766367389109072,1.0974958530322825,0.0003477073304436648,1.098017414027948,1.096974292036617,0.8203335472692532,0.09504564308365171
2024-01-11 04:45:00,2024.01.11,04:45:00,1.09783,1.098,1.0977,1.0978,873,0,3,1.097521,1.0981561976070293,1.0968858023929706,0.0011575133542398688,0.7196166963733932,1.097527994013335,0.0003429365973993172,1.098042398909434,1.097013589117236,0.7643889946693532,0.09373882013122423
2024-01-11 05:00:00,2024.01.11,05:00:00,1.0978,1.09791,1.09769,1.0978,784,0,3,1.097569,1.0981320950186029,1.0970059049813972,0.0010260767543595981,0.7051163590234263,1.0975538993453982,0.0003306429376593742,1.0980498637518872,1.0970579349389091,0.7481031414573912,0.09037631897346035
2024-01-11 05:15:00,2024.01.11,05:15:00,1.09781,1.09798,1.0978,1.09788,546,0,3,1.097605,1.0981506922209219,1.097059307779078,0.0009943326076720387,0.7519735387975839,1.0975855914712331,0.0003155786438934215,1.0980589594370733,1.097112223505393,0.8109721717694625,0.08625622812808116
2024-01-11 05:30:00,2024.01.11,05:30:00,1.09788,1.0981,1.09781,1.09788,668,0,3,1.0976455,1.098144598186707,1.097146401813293,0.0009093977731553845,0.7349237146573465,1.0976183922834966,0.0003130207795040917,1.0980879234527527,1.0971488611142404,0.7785839723035188,0.08555453745256039
2024-01-11 05:45:00,2024.01.11,05:45:00,1.09789,1.09811,1.0978,1.09803,566,0,3,1.0976835,1.0981781625111868,1.0971888374888132,0.0009012844070021899,0.8502387912606361,1.0976528311136398,0.00031271870155366355,1.0981219091659702,1.0971837530613093,0.9020321186276855,0.08546929211753036
2024-01-11 06:00:00,2024.01.11,06:00:00,1.09803,1.09828,1.09799,1.09811,557,0,3,1.0977255,1.0982152131813347,1.097235786818665,0.0008922324958923498,0.8925767312939755,1.0976979583091662,0.0003104468313982873,1.0981636285562637,1.0972322880620686,0.9424178841164484,0.08484487806005055
2024-01-11 06:15:00,2024.01.11,06:15:00,1.09809,1.09815,1.0979,1.09797,732,0,3,1.097761,1.0982119944566981,1.0973100055433018,0.0008216623776908847,0.7317101650539596,1.0977273591051186,0.00030440214825844475,1.0981839623275063,1.097270755882731,0.7657021271252267,0.0831906426673809
2024-01-11 06:30:00,2024.01.11,06:30:00,1.09796,1.098,1.09773,1.09787,811,0,3,1.0977890000000001,1.098191437572764,1.0973865624272363,0.000733178366268589,0.6006367266399771,1.0977406264919327,0.00030096193343259953,1.0981920693920817,1.0972891835917837,0.6432888943701334,0.0822494657215453
2024-01-11 06:45:00,2024.01.11,06:45:00,1.09786,1.098,1.09775,1.09777,718,0,3,1.0978075,1.09816860247849,1.09744639752151,0.0006578611978693385,0.44807568178852025,1.0977500906355582,0.00029586574008934796,1.0981938892456922,1.0973062920254242,0.5224306295548425,0.08085603707434914
2024-01-11 07:00:00,2024.01.11,07:00:00,1.09777,1.09814,1.09754,1.09812,1007,0,3,1.0978459999999999,1.0981655872337421,1.0975264127662576,0.0005822077663757173,0.9286779493530775,1.0977675423210607,0.00032627916608040655,1.0982569610701813,1.09727812357194,0.8600778265775205,0.08916619051896414
2024-01-11 07:15:00,2024.01.11,07:15:00,1.09812,1.09813,1.09781,1.09795,834,0,3,1.0978664999999999,1.0981561394309667,1.097576860569033,0.0005276405300040142,0.6441447383759169,1.0977861890841343,0.0003256512494723757,1.0982746659583429,1.0972977122099257,0.6676752007258235,0.08899308063187393
2024-01-11 07:30:00,2024.01.11,07:30:00,1.09795,1.09799,1.0978,1.09791,575,0,3,1.0978800000000002,1.0981507027889967,1.0976092972110036,0.0004931372991520863,0.5554113241887123,1.0977970282189786,0.00031208612452512935,1.0982651574057662,1.097328899032191,0.6206630394021684,0.08528519840267713
2024-01-11 07:45:00,2024.01.11,07:45:00,1.09792,1.09804,1.09777,1.09782,751,0,3,1.0978825,1.098149997663486,1.097615002336514,0.00048729743572011356,0.3831765496834912,1.097804612833044,0.00030787751207261567,1.098266429101153,1.0973427965649352,0.5166594033368889,0.08413451040566206
2024-01-11 08:00:00,2024.01.11,08:00:00,1.09781,1.098,1.09743,1.0979,1296,0,3,1.0978885,1.0981518837503919,1.0976251162496082,0.0004798005451224057,0.5218312632858817,1.097801951293389,0.00033408976086537226,1.098303085934687,1.097300816652091,0.5978267101603346,0.09129782301945362
2024-01-11 08:15:00,2024.01.11,08:15:00,1.09791,1.09843,1.0978,1.09836,1375,0,3,1.097922,1.0982405341425499,1.0976034658574503,0.0005802491298102903,1.1875244149557362,1.0978395432337011,0.00036368078477882587,1.0983850644108695,1.0972940220565328,0.9770270963635436,0.09938085770922203
2024-01-11 08:30:00,2024.01.11,08:30:00,1.09837,1.09886,1.09828,1.09861,1916,0,1,1.0979744999999999,1.0983731213742,1.0975758786257996,0.0007261031548550797,1.2971223335367894,1.097910380386047,0.0003853127063009458,1.0984883494454984,1.0973324113265956,1.1052396772044415,0.10528528917782422
2024-01-11 08:45:00,2024.01.11,08:45:00,1.09861,1.09865,1.09834,1.09858,1148,0,1,1.09801,1.0984843416489922,1.0975356583510076,0.0008640024207289434,1.1008327554737027,1.0979687568572172,0.00037778143567083225,1.0985354290107234,1.097402084703711,1.039326962689696,0.10322190863213153
2024-01-11 09:00:00,2024.01.11,09:00:00,1.09858,1.09868,1.09835,1.0985,2035,0,1,1.0980349999999999,1.0985550961449273,1.0975149038550724,0.0009473216152990185,0.9470327309050167,1.0980203038231966,0.0003730032921037654,1.0985798087613523,1.097460798885041,0.9286791269301871,0.10191158327538537
2024-01-11 09:15:00,2024.01.11,09:15:00,1.09847,1.0986,1.09825,1.09827,1426,0,1,1.098048,1.09857785280972,1.0975181471902797,0.000965081325625432,0.7094921419001325,1.0980539256813049,0.0003707029628933961,1.098609980125645,1.0974978712369647,0.6942924122759241,0.10127998841134064
2024-01-11 09:30:00,2024.01.11,09:30:00,1.09827,1.09831,1.0979,1.09796,1304,0,0,1.0980545,1.0985766292943018,1.097532370705698,0.0009510079769298209,0.40950517330554537,1.0980541867275297,0.00037463266660403647,1.0986161357274358,1.0974922377276237,0.41619637409671517,0.10235360088754294
2024-01-11 09:45:00,2024.01.11,09:45:00,1.09796,1.09822,1.09773,1.09789,1545,0,0,1.098059,1.0985737776218603,1.0975442223781395,0.0009376137745974722,0.3358514503902559,1.0980439467217333,0.0003861693999436208,1.0986232008216488,1.097464692621818,0.36711641595996136,0.10550654218254765
2024-01-11 10:00:00,2024.01.11,10:00:00,1.09789,1.09797,1.09717,1.09757,2672,0,0,1.0980475,1.098594194613078,1.0975008053869222,0.0009957576754701057,0.06328452066518957,1.0979988089387112,0.00042755245994924995,1.098640137628635,1.0973574802487873,0.16568707633978821,0.11681773872664282
2024-01-11 10:15:00,2024.01.11,10:15:00,1.09757,1.09808,1.09747,1.09804,1813,0,0,1.0980555,1.0985968122943073,1.0975141877056929,0.0009859470569697172,0.4856829411014896,1.0979859065001039,0.0004457972139543249,1.0986546023210353,1.0973172106791724,0.5404470150723382,0.12180408090354075
2024-01-11 10:30:00,2024.01.11,10:30:00,1.09804,1.09815,1.09746,1.09753,1927,0,0,1.098038,1.0986218355932698,1.0974541644067304,0.0010634160079517978,0.06494601746084606,1.0979599471508876,0.00047021749255887817,1.098665273389726,1.0972546209120493,0.19521398240065066,0.1284794114154356
2024-01-11 10:45:00,2024.01.11,10:45:00,1.09753,1.09758,1.09721,1.09751,1706,0,0,1.098012,1.0986396177180169,1.097384382281983,0.0011431891782911169,0.10007502529868775,1.0979097934539777,0.0004601957433029885,1.098600087068932,1.0972194998390232,0.2104178241572875,0.12574687266114912
2024-01-11 11:00:00,2024.01.11,11:00:00,1.09751,1.09753,1.09666,1.0968,2278,0,0,1.0979465000000002,1.098764186370175,1.0971288136298254,0.0014894830853320518,-0.20106341613296072,1.0978228289980432,0.0005011761689726823,1.0985745932515023,1.097071064744584,-0.18028573674312443,0.13695547835259503
2024-01-11 11:15:00,2024.01.11,11:15:00,1.09682,1.09688,1.09657,1.09677,1565,0,0,1.0978865,1.098851347656353,1.096921652343647,0.0017576455423271421,-0.07858875059100293,1.097719702426801,0.00048205855207541734,1.098442790254914,1.096996614598688,-0.15669922095036104,0.1317436184327303
2024-01-11 11:30:00,2024.01.11,11:30:00,1.09678,1.09678,1.09589,1.09596,2771,0,0,1.097791,1.09907032638524,1.09651167361476,0.002330728499759929,-0.215610973526688,1.0975759212432963,0.0005228526968678814,1.0983602002885982,1.0967916421979944,-0.5301953449962838,0.1429111244374727
2024-01-11 11:45:00,2024.01.11,11:45:00,1.09596,1.09659,1.09593,1.09638,1813,0,0,1.0977215,1.0991411658057344,1.0963018341942656,0.0025865682793575285,0.027529650083331202,1.0974544049344108,0.0005365674271810816,1.0982592560751825,1.0966495537936392,-0.1674556821655264,0.1466760053361432
2024-01-11 12:00:00,2024.01.11,12:00:00,1.09637,1.09648,1.09587,1.09633,2099,0,0,1.0976320000000002,1.0991613475733046,1.0961026524266957,0.002786630807601224,0.07432828785058505,1.09733747748034,0.0005439106844629734,1.0981533435070343,1.0965216114536456,-0.1174282586700511,0.14869920028025008
2024-01-11 12:15:00,2024.01.11,12:15:00,1.09634,1.0968,1.09631,1.09654,1774,0,0,1.0975615,1.0991543876294243,1.0959686123705759,0.0029025938490448546,0.17935591276791824,1.0972624796250694,0.0005385196160166862,1.0980702590490945,1.0964547002010443,0.052798942643730244,0.14723540429471654
2024-01-11 12:30:00,2024.01.11,12:30:00,1.09654,1.09684,1.09644,1.09661,1565,0,0,1.0974964999999999,1.0991327062828302,1.0958602937171695,0.0029817066074112196,0.22909895002166106,1.0972022434703008,0.0005246676544150132,1.0979892449519233,1.0964152419886783,0.12373420881001868,0.1434560467418104
2024-01-11 12:45:00,2024.01.11,12:45:00,1.09661,1.09698,1.09628,1.09688,1559,0,0,1.0974495,1.0990997784613434,1.0957992215386565,0.003007479544787197,0.3274533621628111,1.0971556806001135,0.0005422008889735264,1.0979689819335738,1.0963423792666531,0.3305175531063846,0.1482563227518461
2024-01-11 13:00:00,2024.01.11,13:00:00,1.09688,1.09777,1.09674,1.09771,2485,0,0,1.0974400000000002,1.0990819622407275,1.0957980377592729,0.0029923499065594903,0.5822186994629581,1.0971795840350234,0.0005909808000761601,1.0980660552351376,1.0962931128349092,0.7991727000878721,0.16159090326017322
2024-01-11 13:15:00,2024.01.11,13:15:00,1.09771,1.09825,1.09757,1.09806,1725,0,0,1.097425,1.0990383009638547,1.0958116990361455,0.002940157120267155,0.6968014692319908,1.097253909365021,0.0005998827200685455,1.098153733445124,1.0963540852849183,0.9479156830782092,0.16401382987526258
2024-01-11 13:30:00,2024.01.11,13:30:00,1.09807,1.09818,1.09775,1.09792,1352,0,0,1.0973905,1.0989287259261806,1.0958522740738192,0.0028034248996700664,0.6721138588902813,1.0973202037112095,0.000582894448061684,1.098194545383302,1.096445862039117,0.8429988000886827,0.15935944114313336
2024-01-11 13:45:00,2024.01.11,13:45:00,1.09792,1.09807,1.09773,1.09788,1298,0,0,1.0973555,1.0988136423112902,1.0958973576887097,0.002657556846965759,0.679852129637444,1.097374787484745,0.0005586050032555164,1.0982126949896283,1.0965368799798618,0.8014727236064919,0.15271127320206734
2024-01-11 14:00:00,2024.01.11,14:00:00,1.09787,1.09811,1.09761,1.09807,1682,0,0,1.097334,1.0987355905250733,1.0959324094749268,0.0025545376796367756,0.7625588525441817,1.0974276648671502,0.0005527445029299593,1.0982567816215452,1.0965985481127551,0.8873610860262054,0.15110185043410196
2024-01-11 14:15:00,2024.01.11,14:15:00,1.09806,1.09809,1.09761,1.09783,1731,0,0,1.097312,1.0986671767412317,1.0959568232587684,0.0024699934772091166,0.6911189825798061,1.0974672523401199,0.0005454700526369669,1.0982854574190752,1.0966490472611645,0.721672823360703,0.14910788038744793
2024-01-11 14:30:00,2024.01.11,14:30:00,1.09783,1.09851,1.0978,1.09846,2454,0,0,1.097337,1.0987560151514255,1.0959179848485745,0.0025862887179152927,0.8956969729575641,1.0975424346569338,0.000561923047373269,1.0983853192279938,1.0966995500858738,1.0443007112541614,0.1535948942736654
2024-01-11 14:45:00,2024.01.11,14:45:00,1.09846,1.09906,1.09832,1.0984,2819,0,0,1.0973625,1.0988375711847145,1.0958874288152856,0.0026883936433301854,0.8516779429871585,1.0976425202451623,0.0005797307426359384,1.0985121163591163,1.0967729241312083,0.9355353840034727,0.15844796423516067
2024-01-11 15:00:00,2024.01.11,15:00:00,1.0984,1.09882,1.09826,1.09857,3074,0,0,1.0974125000000001,1.0989773753943926,1.0958476246056077,0.0028519365223057484,0.8698377532638399,1.09772894688848,0.000577757668372334,1.0985955833910386,1.0968623103859216,0.9852398376003066,0.15789626483203487
2024-01-11 15:15:00,2024.01.11,15:15:00,1.09857,1.0991,1.09848,1.09882,3846,0,0,1.0974515,1.0991128882748997,1.0957901117251003,0.0030277206325741044,0.9118543571888702,1.0978309519467202,0.0005819819015351071,1.098703924799023,1.0969579790944175,1.0664827094398335,0.15903593367534555
2024-01-11 15:30:00,2024.01.11,15:30:00,1.09881,1.10004,1.094,1.09528,18984,0,0,1.097339,1.0992498730988673,1.0954281269011328,0.0034827397893764512,-0.0387589582009805,1.0976984803327468,0.001127783711381579,1.0993901558998191,1.0960068047656744,-0.2148180123367664,0.30822226638404254
2024-01-11 15:45:00,2024.01.11,15:45:00,1.09529,1.09659,1.09354,1.094,10673,0,0,1.0971635000000002,1.099561868403723,1.0947651315962774,0.004371943477381012,-0.15951085644092325,1.0974138631581993,0.0013200053402434209,1.0993938711685645,1.0954338551478342,-0.3620831684336727,0.3608498264578055
2024-01-11 16:00:00,2024.01.11,16:00:00,1.094,1.09488,1.09312,1.0948,8890,0,0,1.0970635,1.0996717505631124,1.0944552494368875,0.004754967352596133,0.06608846711051021,1.0971141301590057,0.0013640048062190772,1.0991601373683344,1.095068122949677,-0.06552346161209646,0.37297983009883434
2024-01-11 16:15:00,2024.01.11,16:15:00,1.0948,1.09638,1.09437,1.09579,7898,0,0,1.0970145,1.0996791761529268,1.0943498238470732,0.004858050924444042,0.2702347434124356,1.0969616733184655,0.001428604325597154,1.0991045798068613,1.0948187668300697,0.22661585449241803,0.39069851582201054
2024-01-11 16:30:00,2024.01.11,16:30:00,1.0958,1.09736,1.09478,1.09527,12795,0,0,1.09698,1.0997153244780058,1.0942446755219943,0.004987008838822457,0.18742282428466636,1.0968513552246433,0.0015437438930374192,1.0991669710641994,1.0945357393850872,0.1585454293345859,0.4222296537313079
2024-01-11 16:45:00,2024.01.11,16:45:00,1.09527,1.0956,1.09451,1.0954,8115,0,0,1.096931,1.0997416362269028,1.0941203637730974,0.005124545166291582,0.22764173724336365,1.0966912261556296,0.0014983695037336586,1.09893878041123,1.0944436719000292,0.21274861276157045,0.4098791349829707
2024-01-11 17:00:00,2024.01.11,17:00:00,1.0954,1.09543,1.09299,1.09309,8848,0,0,1.0967689999999999,1.1000359735229992,1.0935020264770006,0.005957450516926203,-0.06305935357296698,1.0964193633471568,0.0015925325533602925,1.0988081621771972,1.0940305645171164,-0.19686976259542202,0.43574546563056915
2024-01-11 17:15:00,2024.01.11,17:15:00,1.09306,1.0951,1.09302,1.09473,8137,0,0,1.0966785,1.1000639646652974,1.0932930353347023,0.006174033074045938,0.21222561854317012,1.0962159319172688,0.0016412792980242492,1.0986778508643051,1.0937540129702326,0.19821672661935844,0.44916678828603096
2024-01-11 17:30:00,2024.01.11,17:30:00,1.09473,1.0963,1.09471,1.09621,8202,0,0,1.0966585,1.1000500676316387,1.0932669323683613,0.0061852757839176474,0.43388013321388946,1.0961706050680051,0.0016361513682218224,1.0986248321203378,1.0937163780156725,0.5080259346740843,0.4477819494494494
2024-01-11 17:45:00,2024.01.11,17:45:00,1.09621,1.09623,1.09415,1.09465,8027,0,0,1.096547,1.1000470005714256,1.0930469994285743,0.006383676342966845,0.22900004424465778,1.0960600712520048,0.0016805362313996484,1.0985808755991042,1.0935392669049053,0.22031322985709575,0.45997558221785956
2024-01-11 18:00:00,2024.01.11,18:00:00,1.09466,1.09514,1.09439,1.09455,5475,0,0,1.0963889999999998,1.099949510637532,1.0928284893624676,0.0064949769425491615,0.24175052580737322,1.0959299057359408,0.0015874826082596864,1.0983111296483303,1.0935486818235514,0.21025283914685688,0.43455770299295576
2024-01-11 18:15:00,2024.01.11,18:15:00,1.09454,1.09545,1.09433,1.09472,5696,0,0,1.0962219999999998,1.0997666218416045,1.0926773781583952,0.006466978115025324,0.28812972622772937,1.0958254702690258,0.0015407343474337187,1.0981365717901763,1.0935143687478752,0.2608347666883297,0.421801022855067
2024-01-11 18:30:00,2024.01.11,18:30:00,1.09472,1.09477,1.09398,1.09436,4657,0,0,1.096044,1.0995872154887874,1.0925007845112127,0.006465462132519009,0.2623627457419519,1.095686854052928,0.0014656609126903538,1.0978853454219637,1.0934883626838925,0.19823532818549663,0.40129921444314504
2024-01-11 18:45:00,2024.01.11,18:45:00,1.09436,1.09576,1.09364,1.09422,6131,0,0,1.095861,1.0993840151858858,1.0923379848141141,0.006429675270651707,0.267102905690798,1.0955776298574111,0.0015310948214213305,1.0978742720895431,1.0932809876252791,0.20443157440528564,0.41925686862206246
2024-01-11 19:00:00,2024.01.11,19:00:00,1.09423,1.09525,1.0942,1.09518,5348,0,1,1.0957165,1.0990995357668791,1.0923334642331208,0.006175020211668165,0.42070731186876265,1.0955108714582926,0.001482985339279197,1.0977353494672115,1.0932863934493737,0.4256294157627151,0.406107883887592
2024-01-11 19:15:00,2024.01.11,19:15:00,1.09518,1.09536,1.09442,1.09459,4915,0,1,1.0955545,1.098825643378084,1.092283356621916,0.005971667092936218,0.35257448412962245,1.0954422170336933,0.0014286868053512713,1.0975852472417202,1.0932991868256663,0.3011654174306004,0.3912630305284391
2024-01-11 19:30:00,2024.01.11,19:30:00,1.09459,1.09505,1.09412,1.09502,4065,0,1,1.0953825,1.0983742879269733,1.0923907120730265,0.005462544685483675,0.43941749735474434,1.095374386840008,0.001378818124816154,1.0974426140272324,1.0933061596527838,0.4143259400618366,0.3776292767244362
2024-01-11 19:45:00,2024.01.11,19:45:00,1.09501,1.09545,1.09486,1.09509,3375,0,1,1.095217,1.0978697879674006,1.0925642120325996,0.004844314811403654,0.47606291917015564,1.0953514293631819,0.0012999363123345478,1.0973013338316837,1.09340152489468,0.43296354580313734,0.35603266974061304
2024-01-11 20:00:00,2024.01.11,20:00:00,1.09508,1.09591,1.09497,1.09571,4996,0,1,1.0950739999999999,1.097254728318701,1.0928932716812987,0.0039827962652774105,0.645822841512617,1.0953684360904978,0.001263942681101087,1.0972643501121495,1.0934725220688462,0.5900789554804196,0.3461691900523307
2024-01-11 20:15:00,2024.01.11,20:15:00,1.09571,1.09604,1.09555,1.09572,3527,0,1,1.094919,1.0963105588381328,1.0935274411618672,0.0025418480054374805,0.7878067308583362,1.0954066802723552,0.0011865484129909662,1.0971865028918417,1.0936268576528687,0.5880199308106354,0.3249610672529366
2024-01-11 20:30:00,2024.01.11,20:30:00,1.09572,1.09591,1.09541,1.0957,2556,0,1,1.0949399999999998,1.0963649912280378,1.0935150087719618,0.002602866326991368,0.7666683082135599,1.0954320758019722,0.0011178935716918642,1.09710891615951,1.0937552354444344,0.5798895961751214,0.3061514072080033
2024-01-11 20:45:00,2024.01.11,20:45:00,1.09571,1.09663,1.0956,1.09648,2930,0,1,1.095064,1.0965695550471455,1.0935584449528546,0.002749711518496537,0.9702584613842643,1.0955087035033717,0.0011091042145226866,1.0971723598251557,1.0938450471815877,0.7919162100699486,0.30372306791607
2024-01-11 21:00:00,2024.01.11,21:00:00,1.09648,1.09751,1.09647,1.09743,3815,0,1,1.0951955,1.097012964992781,1.093378035007219,0.003318978196643255,1.1147298596879458,1.0956637476141617,0.001102193793070411,1.0973170383037674,1.0940104569245561,1.034162684439808,0.30178796974997313
2024-01-11 21:15:00,2024.01.11,21:15:00,1.09743,1.09806,1.09687,1.09786,3815,0,1,1.095299,1.0974459876571567,1.0931520123428433,0.003920368149987733,1.0964170291019772,1.0958478351429717,0.0011109744137633723,1.0975142967636167,1.0941813735223267,1.1037237317981516,0.304141061779361
2024-01-11 21:30:00,2024.01.11,21:30:00,1.09786,1.09819,1.09743,1.09791,3671,0,1,1.095431,1.0978606411257597,1.0930013588742404,0.004435954662155092,1.0101576470938396,1.0960378825896728,0.0010758769723870445,1.0976516980482534,1.0944240671310923,1.0800283422659067,0.29448169341874736
2024-01-11 21:45:00,2024.01.11,21:45:00,1.09791,1.0983,1.09786,1.0982,2465,0,1,1.095571,1.0982835699990936,1.0928584300009065,0.004951883536701005,0.9845957893950271,1.0962361794858946,0.0010122892751483396,1.0977546133986171,1.094717745573172,1.1466598571235669,0.2770267833040604
2024-01-11 22:00:00,2024.01.11,22:00:00,1.09821,1.09825,1.09649,1.0966,4183,0,1,1.0957465000000002,1.0982395966688,1.0932534033312002,0.004550498986398646,0.6711726646385272,1.0963197179475554,0.0010870603476335042,1.0979503084690057,1.0946891274261052,0.5859449533029586,0.29746623995833416
2024-01-11 22:15:00,2024.01.11,22:15:00,1.09659,1.09666,1.09561,1.09607,3928,0,1,1.0958134999999998,1.0982654076246832,1.0933615923753164,0.004475045479332737,0.5523062119914585,1.0963000622700105,0.0010833543128701533,1.0979250937393157,1.0946750308007054,0.42921298006960856,0.2964574253403474
2024-01-11 22:30:00,2024.01.11,22:30:00,1.09607,1.09654,1.0958,1.09648,2780,0,1,1.0958269999999999,1.0982904374357754,1.0933635625642244,0.004496033472027034,0.6325383771710142,1.0962975166569937,0.0010490188815831343,1.0978710449793685,1.094723988334619,0.5579854014736717,0.2870622798039421
2024-01-11 22:45:00,2024.01.11,22:45:00,1.09648,1.09728,1.09629,1.09705,2613,0,1,1.095947,1.0984032174170826,1.0934907825829174,0.00448236532803607,0.7245322405762818,1.0963523563404547,0.0010431169934248254,1.097917031830592,1.0947876808503174,0.7229355748022165,0.28543295977582495
2024-01-11 23:00:00,2024.01.11,23:00:00,1.09706,1.09734,1.09694,1.09706,1369,0,15,1.0960725,1.0984865080778612,1.0936584919221388,0.0044048328515881655,0.7045353553404108,1.0964248303397766,0.0009788052940823385,1.0978930382809,1.094956622398653,0.7163078002892909,0.26781734606803204
2024-01-11 23:15:00,2024.01.11,23:15:00,1.09705,1.09727,1.09695,1.09714,1037,0,15,1.0961935,1.098566458280286,1.093820541719714,0.004329451470540653,0.6994346061334596,1.0964910369740837,0.0009129247646740922,1.0978604241210947,1.0951216498270726,0.7369538181122862,0.24977625914573454
2024-01-11 23:30:00,2024.01.11,23:30:00,1.09714,1.09745,1.09711,1.09738,936,0,15,1.0963445,1.0986136273653053,1.0940753726346948,0.004139442237919318,0.7281714142257194,1.0965693509130598,0.0008556322882066837,1.09785279934537,1.0952859024807498,0.8158089824774164,0.23408431600635782
2024-01-11 23:45:00,2024.01.11,23:45:00,1.09739,1.09742,1.09706,1.09716,549,0,1,1.0964915,1.0985634099883868,1.0944195900116132,0.0037791628815851282,0.6613245758133679,1.0966306825721335,0.0008060690593860292,1.0978397861612126,1.0954215789830544,0.7188883701311246,0.22051244932216754
2024-01-12 00:00:00,2024.01.12,00:00:00,1.0962,1.09743,1.09613,1.09709,68,0,14,1.096587,1.0985829869738994,1.0945910130261005,0.00364036227658994,0.6260028263153523,1.0966547445493906,0.000855462153447412,1.0979379377795617,1.0953715513192195,0.6695985609865055,0.23401954654349802
2024-01-12 00:15:00,2024.01.12,00:15:00,1.09709,1.09739,1.09697,1.09736,949,0,8,1.0967255,1.0985224805229818,1.0949285194770182,0.003276992324846697,0.6765461539190784,1.0967104831637344,0.0008119159381026795,1.0979283570708884,1.0954926092565804,0.7666601330606106,0.2220957902473474
2024-01-12 00:30:00,2024.01.12,00:30:00,1.09723,1.0974,1.09718,1.09736,2056,0,8,1.0968424999999997,1.0984774785931242,1.0952075214068753,0.0029812458819282587,0.6582589528010966,1.096767897465601,0.0007527243442924002,1.0978969839820396,1.0956388109491624,0.762204235804054,0.20589342905599187
2024-01-12 00:45:00,2024.01.12,00:45:00,1.09736,1.09737,1.09711,1.09728,1354,0,3,1.096952,1.0983835110897142,1.0955204889102856,0.0026099794516337782,0.6145642539400693,1.096814129453004,0.0007034519098631529,1.0978693073177987,1.0957589515882094,0.7207545109404971,0.1924077811289557
2024-01-12 01:00:00,2024.01.12,01:00:00,1.09725,1.09755,1.09705,1.09751,637,0,3,1.0970419999999999,1.0983726329320944,1.0957113670679053,0.002425855950992882,0.6758561616476191,1.0968670695050988,0.0006831067188768321,1.097891729583414,1.0958424094267836,0.8137286737852948,0.18683395769691136
2024-01-12 01:15:00,2024.01.12,01:15:00,1.09752,1.09768,1.09743,1.09757,600,0,3,1.0971345,1.0983355741026157,1.095933425897384,0.002189474677199248,0.6812960578583596,1.0969330628855656,0.0006397960469891572,1.0978927569560493,1.095973368815082,0.8318438312916422,0.1749776906093317
2024-01-12 01:30:00,2024.01.12,01:30:00,1.09757,1.09811,1.09751,1.09805,642,0,3,1.0972520000000001,1.0983213100579226,1.0961826899420777,0.0019490692346378672,0.8731377976329385,1.097024199753607,0.0006358164422902349,1.0979779244170425,1.0960704750901715,1.0377863683937316,0.17387486322538193
2024-01-12 01:45:00,2024.01.12,01:45:00,1.09806,1.09828,1.09792,1.09823,552,0,3,1.0973395,1.0984280306610168,1.096250969338983,0.0019839450981521843,0.9090376283789009,1.0971307839040572,0.000608234798061203,1.098043136101149,1.0962184317069654,1.1024077650313109,0.1663160327787359
2024-01-12 02:00:00,2024.01.12,02:00:00,1.09823,1.09849,1.09805,1.09807,906,0,3,1.0973715,1.0985054713400142,1.0962375286599857,0.002066704557233809,0.8079883835474093,1.0972329314687501,0.0005914113182550822,1.0981200484461326,1.0963458144913676,0.971791518250381,0.16170075686573485
2024-01-12 02:15:00,2024.01.12,02:15:00,1.09807,1.09815,1.09788,1.09792,1045,0,3,1.0973745000000001,1.0985139292430748,1.0962350707569255,0.0020766461095544702,0.7393742320180785,1.0973043983129962,0.0005592701864295733,1.0981433035926405,1.096465493033352,0.8669077439021846,0.15290292847344678
2024-01-12 02:30:00,2024.01.12,02:30:00,1.09792,1.09795,1.09741,1.09754,1301,0,3,1.097356,1.098471820774127,1.096240179225873,0.002033653206665996,0.5824505172633601,1.0973357254577902,0.0005573431677866145,1.0981717402094702,1.0964997107061103,0.622171613478856,0.15237173679571311
2024-01-12 02:45:00,2024.01.12,02:45:00,1.09754,1.09794,1.09749,1.09755,1038,0,3,1.0973235000000001,1.0983751135221524,1.0962718864778478,0.0019166882367001674,0.6076916544094696,1.0973666087475245,0.000546608851007937,1.0981865220240363,1.0965466954710126,0.6118357622258341,0.1494328823159071
2024-01-12 03:00:00,2024.01.12,03:00:00,1.09755,1.09762,1.09725,1.09742,1109,0,3,1.0973644999999999,1.0983626678215477,1.096366332178452,0.00181920924459981,0.5278009362765002,1.0973726460096649,0.0005289479659071416,1.0981660679585257,1.096579224060804,0.5298416185758202,0.14460392315151552
2024-01-12 03:15:00,2024.01.12,03:15:00,1.09742,1.0978,1.09732,1.09763,860,0,3,1.0974425,1.098249317823287,1.0966356821767131,0.0014703600840808586,0.6161972347339435,1.0973927114690618,0.000524053169316431,1.0981787912230365,1.096606631715087,0.6509315878818126,0.14326316290590246
2024-01-12 03:30:00,2024.01.12,03:30:00,1.09763,1.0984,1.09754,1.09821,1595,0,3,1.0975290000000002,1.098273013440721,1.0967849865592794,0.0013557973242089027,0.9576530225985727,1.0974553103767701,0.0005576478523847962,1.0982917821553473,1.096618838598193,0.95111481496334,0.15243842198731195
2024-01-12 03:45:00,2024.01.12,03:45:00,1.09821,1.09843,1.09811,1.09826,1521,0,3,1.0975895,1.0983640314712606,1.0968149685287394,0.0014113317797967435,0.932842321377031,1.0975325824043793,0.0005338830671463263,1.0983334070050987,1.09673175780366,0.9541678633293847,0.14593181351664644
2024-01-12 04:00:00,2024.01.12,04:00:00,1.09825,1.09854,1.09819,1.09837,1356,0,3,1.097655,1.0984602949769948,1.0968497050230053,0.0014673007037635227,0.9439367066886973,1.0976120190007876,0.0005154947604317009,1.098385261141435,1.0968387768601402,0.9901317190096232,0.14089534867727985
2024-01-12 04:15:00,2024.01.12,04:15:00,1.09838,1.09842,1.09801,1.09813,1156,0,3,1.0977045,1.0984987159655744,1.0969102840344258,0.0014470487559707992,0.767874242299008,1.097666747349919,0.000504945284388533,1.0984241652765019,1.0969093294233363,0.8058104606600704,0.1380050782100152
2024-01-12 04:30:00,2024.01.12,04:30:00,1.09813,1.09825,1.0978,1.09787,817,0,3,1.097729,1.098511812876729,1.0969461871232709,0.0014262406782167545,0.5900598368981232,1.0976959460150062,0.0004994507559496637,1.0984451221489306,1.0969467698810818,0.6161635943219052,0.13649975417039636
2024-01-12 04:45:00,2024.01.12,04:45:00,1.09787,1.09822,1.09785,1.09796,1174,0,3,1.097769,1.0985121796552468,1.0970258203447532,0.0013539818581993835,0.6285019030402639,1.097725855918339,0.00048650568035469547,1.098455614438871,1.0969960973978068,0.6604257265063349,0.13295824574007842
2024-01-12 05:00:00,2024.01.12,05:00:00,1.09795,1.09828,1.09793,1.09815,790,0,3,1.0978219999999999,1.0985133060103691,1.0971306939896306,0.0012594136578958405,0.7372321338743342,1.0977633934499258,0.00047285511231921095,1.0984726761184047,1.0970541107814469,0.7725334815407634,0.1292232320208572
2024-01-12 05:15:00,2024.01.12,05:15:00,1.09816,1.09822,1.09802,1.09818,449,0,0,1.097863,1.0985368872309018,1.0971891127690983,0.0012276344696957302,0.7352025572406958,1.097799260740409,0.0004455696010872876,1.0984676151420398,1.0971309063387782,0.7848333598625955,0.12176258912399908
2024-01-12 05:30:00,2024.01.12,05:30:00,1.09814,1.09828,1.09769,1.09782,784,0,1,1.0978860000000001,1.0985198580282467,1.0972521419717536,0.0011546882431264427,0.4479378685297264,1.0978117120984652,0.0004600126409785457,1.098501731059933,1.0971216931369974,0.5060055607147464,0.1257080706761342
2024-01-12 05:45:00,2024.01.12,05:45:00,1.09782,1.09792,1.09773,1.09776,391,0,3,1.0979100000000002,1.0984837595314874,1.097336240468513,0.0010451849996578855,0.36928321729898594,1.0978109141208336,0.0004330113768806824,1.0984604311861548,1.0971613970555125,0.46080617157579523,0.11832949681344393
2024-01-12 06:00:00,2024.01.12,06:00:00,1.09775,1.09776,1.0974,1.09747,747,0,3,1.0979079999999999,1.0984875722560408,1.097328427743959,0.0010557756315481505,0.12213512169133087,1.09778543023631,0.00042571023919262793,1.098423995595099,1.0971468648775209,0.25301648298918505,0.11633700743351567
2024-01-12 06:15:00,2024.01.12,06:15:00,1.09747,1.09755,1.09729,1.09748,626,0,3,1.0979035,1.0984947791218809,1.097312220878119,0.0010771058146384449,0.14187810432686057,1.0977525321185662,0.0004091392152733579,1.0983662409414763,1.097138823295656,0.2779630108022233,0.11181187106454955
2024-01-12 06:30:00,2024.01.12,06:30:00,1.09748,1.09764,1.09734,1.09757,552,0,3,1.0978795,1.0984838666105703,1.0972751333894295,0.0011009707542046188,0.2439468076273607,1.0977300687421947,0.0003982252937460188,1.0983274066828137,1.0971327308015757,0.3660149211107459,0.10883148009299713
2024-01-12 06:45:00,2024.01.12,06:45:00,1.09758,1.09774,1.09749,1.09755,741,0,3,1.0978455,1.0984436463031504,1.0972473536968497,0.0010896730061750214,0.25298685418296196,1.0977170463223032,0.00038340276437140306,1.0982921504688603,1.097141942175746,0.35476863338305525,0.10478185584963406
2024-01-12 07:00:00,2024.01.12,07:00:00,1.09755,1.098,1.09752,1.09786,863,0,3,1.0978350000000001,1.0984243216439031,1.097245678356097,0.0010736069516876724,0.5212108279566734,1.097724311751925,0.00039306248793426635,1.0983139054838265,1.0971347180200237,0.6150692762941976,0.10742109391025578
2024-01-12 07:15:00,2024.01.12,07:15:00,1.09787,1.09802,1.09766,1.0977,847,0,3,1.097824,1.0984147757611584,1.0972332242388414,0.001076266798974176,0.39505324341942477,1.0977308852358687,0.0003897562391408313,1.09831551959458,1.0971462508771574,0.4735858529278991,0.1065168825209169
2024-01-12 07:30:00,2024.01.12,07:30:00,1.0977,1.09771,1.09751,1.09765,770,0,3,1.0978295,1.098411581609375,1.0972474183906251,0.001060422605468146,0.34581199860208073,1.097720642197532,0.000370780615226746,1.0982768131203722,1.097164471274692,0.4364923671563777,0.10133196032948846
2024-01-12 07:45:00,2024.01.12,07:45:00,1.09764,1.09774,1.09735,1.09754,957,0,3,1.097829,1.0984120574585514,1.0972459425414485,0.0010622008683528537,0.25216850778483724,1.097703755639037,0.0003727025537040604,1.098262809469593,1.097144701808481,0.3535421545415624,0.10185878069270725
2024-01-12 08:00:00,2024.01.12,08:00:00,1.09755,1.09787,1.09727,1.09776,1148,0,3,1.097846,1.0983994401503077,1.0972925598496925,0.0010082291146619113,0.422304155244033,1.0976970487527795,0.00039543229833364775,1.09829019720028,1.097103900305279,0.5530653392804282,0.1080714297582424
2024-01-12 08:15:00,2024.01.12,08:15:00,1.09776,1.09786,1.09769,1.09775,617,0,1,1.097852,1.0983985016010704,1.0973054983989297,0.0009955833774869338,0.4066791389080411,1.0977036790302925,0.00037288906850028335,1.098263012633043,1.097144345427542,0.5414072831309322,0.10190976188485122
2024-01-12 08:30:00,2024.01.12,08:30:00,1.09775,1.09778,1.0975,1.09751,714,0,1,1.0978169999999998,1.0983569296250182,1.0972770703749815,0.000983642310181688,0.21570369009721127,1.0976934873766138,0.0003636001616502608,1.0982388876190892,1.0971480871341384,0.3317864915305266,0.09937204670474244
2024-01-12 08:45:00,2024.01.12,08:45:00,1.09751,1.09774,1.09736,1.09757,1079,0,1,1.0977824999999999,1.098292122409213,1.0972728775907867,0.0009284578852607884,0.29151230778092585,1.0976804568328093,0.00036524014548523944,1.0982283170510372,1.0971325966145815,0.39919250464406014,0.09982143980382115
2024-01-12 09:00:00,2024.01.12,09:00:00,1.09758,1.09779,1.09655,1.09665,3493,0,1,1.0976965,1.0983427282878147,1.0970502717121855,0.0011774261607185163,-0.3096983834762481,1.0976153339598433,0.0004527161309367285,1.0982944081562485,1.0969362597634382,-0.21077208127898675,0.12373628089819677
2024-01-12 09:15:00,2024.01.12,09:15:00,1.09665,1.09698,1.09656,1.09675,2410,0,0,1.0976275,1.0983624523793902,1.0968925476206097,0.0013391653896977843,-0.09697745364679118,1.097534191043033,0.0004494445178430644,1.0982083578197976,1.0968600242662683,-0.08160018415353194,0.12285116623546735
2024-01-12 09:30:00,2024.01.12,09:30:00,1.09675,1.09689,1.09609,1.09637,2408,0,0,1.0975525,1.0984592276327378,1.096645772367262,0.0016522720010895401,-0.15207012409517112,1.0974309347532203,0.0004845000660587492,1.0981576848523085,1.096704184654132,-0.22991717135733966,0.13244571044493197
2024-01-12 09:45:00,2024.01.12,09:45:00,1.09637,1.0969,1.09622,1.0966,1871,0,0,1.0974845,1.09846015311457,1.09650884688543,0.0017779806722918272,0.04671389513790237,1.0973492584275168,0.0005040500594528757,1.0981053335166961,1.0965931833383376,0.004507926368706955,0.13780026429557
2024-01-12 10:00:00,2024.01.12,10:00:00,1.09662,1.09773,1.0965,1.0976,3061,0,0,1.097457,1.0983859585566482,1.0965280414433516,0.0016929293022839497,0.5769679115266175,1.0973423449264834,0.0005766450535075946,1.0982073125067449,1.096477377346222,0.6489391506665576,0.1576477175533389
2024-01-12 10:15:00,2024.01.12,10:15:00,1.0976,1.09793,1.09718,1.09779,2489,0,0,1.0974374999999998,1.098320152253138,1.0965548477468616,0.0016085695142333235,0.6996822637380167,1.0973700581080883,0.0005939805481568381,1.0982610289303236,1.096479087285853,0.7356653447181177,0.1623829291955345
2024-01-12 10:30:00,2024.01.12,10:30:00,1.09778,1.09829,1.097,1.09733,2321,0,0,1.097413,1.09827886604043,1.09654713395957,0.0015780130915706851,0.4520711079286335,1.097386243050175,0.0006635824933411557,1.0983816167901868,1.0963908693101634,0.4717477727639806,0.18140809515618722
2024-01-12 10:45:00,2024.01.12,10:45:00,1.09732,1.09763,1.09686,1.09751,2214,0,0,1.0974005,1.0982530837202114,1.0965479162797886,0.0015538241876349662,0.5642165674784642,1.0973812040295234,0.0006742242440070562,1.098392540395534,1.096369867663513,0.5636761293300578,0.18431814984563286
2024-01-12 11:00:00,2024.01.12,11:00:00,1.09752,1.09799,1.09736,1.09775,2289,0,0,1.0974145,1.0982802823051838,1.096548717694816,0.001577858330072839,0.6937554036339403,1.0974115655505212,0.0006698018196063636,1.0984162682799308,1.0964068628211117,0.6684251667543877,0.18310408983261323
2024-01-12 11:15:00,2024.01.12,11:15:00,1.09775,1.09782,1.09682,1.09705,2162,0,0,1.0973929999999998,1.0982724566504207,1.096513543349579,0.0016028107531593232,0.30499323085702434,1.0973942735933286,0.0007028216376457385,1.0984485060497973,1.09634004113686,0.33671836736948174,0.19213376301238208
2024-01-12 11:30:00,2024.01.12,11:30:00,1.09705,1.09705,1.09657,1.09684,2189,0,0,1.0973564999999998,1.0982636995370196,1.09644930046298,0.0016534271898326338,0.2153327471393191,1.0973395808701545,0.0006805394738811682,1.0983603900809762,1.0963187716593328,0.2553015466267648,0.18605165230843793
2024-01-12 11:45:00,2024.01.12,11:45:00,1.09684,1.09694,1.0961,1.09626,2125,0,0,1.097292,1.0983114822215065,1.0962725177784933,0.0018581785368099045,-0.006139282387296595,1.0972532715809336,0.0006964855264930466,1.0982979998706732,1.0962085432911939,0.024626838055161845,0.1904260970184972
2024-01-12 12:00:00,2024.01.12,12:00:00,1.09625,1.09629,1.09571,1.09595,1906,0,0,1.0971965000000001,1.0983360310438803,1.09605696895612,0.002077168572594251,-0.046935516454078896,1.0971323250811622,0.0006848369738437444,1.0981595805419277,1.0961050696203967,-0.07547763254581466,0.18726190766269668
2024-01-12 12:15:00,2024.01.12,12:15:00,1.09596,1.09617,1.09567,1.0961,1431,0,0,1.0971165,1.0983259176284337,1.0959070823715664,0.002204720516797676,0.07975641494638598,1.0970225798353372,0.0006663532764593867,1.0980221097500262,1.0960230499206483,0.03849313473312425,0.18222595105362724
2024-01-12 12:30:00,2024.01.12,12:30:00,1.09611,1.09641,1.09591,1.09627,1452,0,0,1.0970475,1.0982844458355017,1.0958105541644982,0.0022550451744372283,0.1857178472634912,1.096943921438321,0.0006497179488134647,1.097918498361541,1.0959693445151009,0.15424923253149375,0.177689470568786
2024-01-12 12:45:00,2024.01.12,12:45:00,1.09627,1.09633,1.09569,1.09599,1778,0,0,1.09697,1.0982665955421655,1.0956734044578345,0.002363958070258159,0.1220872399564147,1.0968543416187984,0.0006487461539321157,1.0978274608496965,1.0958812223879002,0.05589120461601686,0.17743818736441758
2024-01-12 13:00:00,2024.01.12,13:00:00,1.09599,1.09618,1.09572,1.09591,1670,0,0,1.0968775,1.098199178856592,1.095555821143408,0.00240989327722003,0.1339882433714731,1.0967669440043097,0.0006298715385388946,1.0977117513121182,1.0958221366965013,0.04649800164143683,0.17228953023674
2024-01-12 13:15:00,2024.01.12,13:15:00,1.09591,1.09621,1.09514,1.0954,1749,0,0,1.0967600000000002,1.098165688443419,1.0953543115565814,0.0025633473930829305,0.016251269487372166,1.0966542191785025,0.0006738843846849957,1.09766504575553,1.095643392601475,-0.12039285818485769,0.1843473648028547
2024-01-12 13:30:00,2024.01.12,13:30:00,1.0954,1.0955,1.09488,1.09496,2010,0,0,1.0966325000000001,1.0981966083721915,1.0950683916278088,0.0028525661462547236,-0.034649653993280356,1.0965074681456293,0.0006684959462164805,1.097510212064954,1.0955047242263045,-0.27161681851503927,0.1828977819951481
2024-01-12 13:45:00,2024.01.12,13:45:00,1.09497,1.09528,1.09465,1.09496,2110,0,0,1.096502,1.0981639217791335,1.0948400782208667,0.003031315545495365,0.03607924892703411,1.0963604076873155,0.0006646463515948454,1.0973573772147078,1.095363438159923,-0.202332242279451,0.18186894025029482
2024-01-12 14:00:00,2024.01.12,14:00:00,1.09496,1.0952,1.09453,1.09463,2989,0,0,1.096401,1.098249695756461,1.094552304243539,0.0033722985594886556,0.021013667659877708,1.0962105275901108,0.0006651817164353557,1.097208300164764,1.0952127550154578,-0.29202797824966636,0.18204031972700357
2024-01-12 14:15:00,2024.01.12,14:15:00,1.09463,1.09502,1.09412,1.09471,3417,0,0,1.096299,1.0982798069062771,1.0943181930937227,0.0036136253089298115,0.09890083304832392,1.0960587313116876,0.0006886635447918325,1.0970917266288753,1.0950257359945,-0.1528254723164848,0.18849269435616536
2024-01-12 14:30:00,2024.01.12,14:30:00,1.09471,1.09499,1.09416,1.09432,2899,0,0,1.0961965,1.0983560951009284,1.0940369048990717,0.003940160547727228,0.06554355971788042,1.0959093283296222,0.000702797190312638,1.0969635241150912,1.0948551325441531,-0.2538107965946081,0.19238740983724575
2024-01-12 14:45:00,2024.01.12,14:45:00,1.09432,1.09436,1.09368,1.09379,3369,0,0,1.0960560000000001,1.0984456811502694,1.0936663188497309,0.004360509226297331,0.025878170034365454,1.095722090710928,0.0007005174712813756,1.09677286691785,1.094671314504006,-0.41936356105140865,0.19179611615574893
2024-01-12 15:00:00,2024.01.12,15:00:00,1.0938,1.09448,1.09358,1.09441,3922,0,0,1.0958965,1.0982784930730276,1.0935145069269725,0.004347113204627545,0.18797138479698042,1.0955730027067125,0.000720465724153228,1.0966537012929425,1.0944923041204826,-0.03807912841341415,0.19728463252745013
2024-01-12 15:15:00,2024.01.12,15:15:00,1.09442,1.09512,1.09424,1.09504,4006,0,0,1.0957590000000001,1.09800130149622,1.0935166985037803,0.0040926909954102034,0.33967365646139625,1.0954993834013114,0.0007364191517379045,1.0966040121289182,1.0943947546737045,0.2920643426019749,0.20166670001715634
2024-01-12 15:30:00,2024.01.12,15:30:00,1.09502,1.09696,1.09502,1.09586,12382,0,0,1.0956854999999999,1.0978102915191728,1.093560708480827,0.003878469723607525,0.5410628521493995,1.0955419818075356,0.0008567772365640971,1.0968271476623817,1.0942568159526895,0.6237265179685921,0.2346173631293734
2024-01-12 15:45:00,2024.01.12,15:45:00,1.09588,1.09606,1.09445,1.09552,7873,0,0,1.095586,1.0975391656355638,1.0936328343644361,0.0035655176965821082,0.48310435152089704,1.0955230629052306,0.0009320995129076986,1.0969212121745922,1.094124913635869,0.4989046572860014,0.25524780202322345
2024-01-12 16:00:00,2024.01.12,16:00:00,1.09552,1.09662,1.09526,1.09566,7104,0,0,1.0954815,1.0971654510087725,1.0937975489912275,0.003074357729952536,0.5530003542473,1.0955538823110818,0.0009748895616169315,1.0970162166535071,1.0940915479686564,0.5362836616222543,0.26695799559225086
2024-01-12 16:15:00,2024.01.12,16:15:00,1.09566,1.09686,1.0956,1.09678,5194,0,0,1.095468,1.0971051145347672,1.093830885465233,0.0029888860920941813,0.9007050124280451,1.0956357347893915,0.0010034006054552421,1.0971408356975743,1.0941306338812087,0.880129067887604,0.27474476422989363
2024-01-12 16:30:00,2024.01.12,16:30:00,1.09678,1.09834,1.09678,1.09819,6378,0,0,1.0955355,1.09747645311637,1.09359454688363,0.003543386985396828,1.183813528933751,1.0958389981427827,0.0010590605449097186,1.0974275889601472,1.0942504073254182,1.239964574741027,0.28993142606839845
2024-01-12 16:45:00,2024.01.12,16:45:00,1.09819,1.09851,1.09734,1.09756,6835,0,0,1.0956005000000002,1.097713587551416,1.0934874124485845,0.0038574052337794736,0.9636580246490701,1.09602607768474,0.0010701544904187584,1.097631309420368,1.0944208459491118,0.9777884342848404,0.2929185296428369
2024-01-12 17:00:00,2024.01.12,17:00:00,1.09757,1.09871,1.09712,1.09837,6322,0,0,1.0957215,1.0981538180301822,1.0932891819698178,0.004439664696151676,1.044439494986945,1.0962204194925425,0.0011221390413768805,1.0979036280546077,1.0945372109304772,1.1385365889596322,0.3070930867798391
2024-01-12 17:15:00,2024.01.12,17:15:00,1.09837,1.09854,1.09776,1.09793,5350,0,0,1.095813,1.0984263357993092,1.0931996642006907,0.004769674751639604,0.9050378831070479,1.096397204937697,0.0010879251372391929,1.0980290926435559,1.0947653172318383,0.9696386451101913,0.29768184349785737
2024-01-12 17:30:00,2024.01.12,17:30:00,1.09793,1.09832,1.09709,1.09735,4393,0,0,1.0958670000000001,1.0985593157318472,1.0931746842681531,0.00491358117699872,0.7754134632981007,1.0965104870071227,0.00110213262351528,1.0981636859423956,1.09485728807185,0.7539056174563705,0.30153818953162226
2024-01-12 17:45:00,2024.01.12,17:45:00,1.09735,1.09747,1.09622,1.09662,5914,0,0,1.0958985,1.0986105049778627,1.0931864950221375,0.004949372552043121,0.6330196673474486,1.096535202530254,0.0011169193611637494,1.0982105815719996,1.0948598234885083,0.5253069507356485,0.3055768821428995
2024-01-12 18:00:00,2024.01.12,18:00:00,1.09663,1.0974,1.09658,1.09688,4206,0,0,1.0959470000000002,1.0986925789917528,1.0932014210082477,0.005010422934234118,0.6699095168637461,1.0965750245114996,0.0010872274250473565,1.0982058656490705,1.0949441833739286,0.5935025127446649,0.2974426922220763
2024-01-12 18:15:00,2024.01.12,18:15:00,1.09688,1.09739,1.09661,1.09726,4042,0,0,1.09604,1.0988307991686885,1.0932492008313113,0.00509251335478382,0.7185753840132584,1.0966237523358011,0.0010565046825426214,1.098208509359615,1.0950389953119872,0.7007398152013196,0.2890247489967942
2024-01-12 18:30:00,2024.01.12,18:30:00,1.09726,1.09731,1.09612,1.09651,3555,0,0,1.0961175,1.0988698508133876,1.0933651491866125,0.005021999581956384,0.5713026838895106,1.0966259346530265,0.0010698542142883617,1.098230715974459,1.0950211533315939,0.4638783641490483,0.2926761570599471
2024-01-12 18:45:00,2024.01.12,18:45:00,1.0965,1.0965,1.09581,1.09581,3121,0,0,1.0961599999999998,1.0988653946107647,1.093454605389235,0.004936130876450356,0.4353144272175339,1.0965701313527383,0.00103286879285954,1.0981194345420275,1.095020828163449,0.2546860556431669,0.2825725678626718
2024-01-12 19:00:00,2024.01.12,19:00:00,1.0958,1.0959,1.09519,1.09545,3878,0,1,1.0962010000000002,1.0988363512099826,1.0935656487900178,0.00480815326747991,0.35751424759715583,1.0964694839223188,0.0010005819135735848,1.097970356792679,1.0949686110519585,0.16036966139775477,0.2737646404879978
2024-01-12 19:15:00,2024.01.12,19:15:00,1.09545,1.09559,1.09501,1.09534,3342,0,1,1.0962325,1.0988102422291526,1.0936547577708473,0.0047029115249778404,0.3268833885121732,1.0963593743424154,0.0009585237222162288,1.0977971599257397,1.094921588759091,0.14550543758461645,0.26228363016217576
2024-01-12 19:30:00,2024.01.12,19:30:00,1.09534,1.09538,1.09479,1.09511,2768,0,1,1.0962720000000001,1.0987537300417163,1.093790269958284,0.0045275808224895745,0.2658891216071651,1.0962387990082172,0.000921671349994615,1.0976213060332092,1.0948562919832252,0.09175650184355975,0.2522273479542522
2024-01-12 19:45:00,2024.01.12,19:45:00,1.09511,1.09524,1.09468,1.09496,2549,0,1,1.0963305,1.0986234236794883,1.094037576320512,0.004182905938470543,0.20114574413002784,1.0961170086264822,0.000885504214995143,1.097445264948975,1.0947887523039894,0.06446334683697431,0.24235666667688852
2024-01-12 20:00:00,2024.01.12,20:00:00,1.09496,1.09566,1.09489,1.09555,2480,0,1,1.0963875,1.0985389355672337,1.0942360644327664,0.0039245897408236195,0.30536251869329145,1.0960455474874522,0.0008739537934956446,1.0973564781776957,1.0947346167972087,0.31099401702154694,0.2392109877638948
2024-01-12 20:15:00,2024.01.12,20:15:00,1.09555,1.09578,1.09538,1.09574,2167,0,1,1.0964224999999999,1.0985068404232414,1.0943381595767583,0.003802075246069049,0.3362791431789022,1.0960062889965838,0.0008265584141460757,1.0972461266178029,1.0947664513753648,0.3926113419908763,0.22624644286560414
2024-01-12 20:30:00,2024.01.12,20:30:00,1.09574,1.09596,1.09551,1.09563,1764,0,1,1.096411,1.0985101131460593,1.0943118868539408,0.0038290625432602582,0.31396905605919356,1.0959771186159568,0.0007889025727314744,1.097160472475054,1.0947937647568595,0.3533327063210385,0.2159449935582008
2024-01-12 20:45:00,2024.01.12,20:45:00,1.09563,1.09597,1.09554,1.09594,1409,0,1,1.096432,1.0985032566233954,1.0943607433766047,0.0037781761630367528,0.3812315204106297,1.0959618374779292,0.0007530123154583422,1.0970913559511166,1.0948323190047418,0.49033327986763586,0.20612368689528868
2024-01-12 21:00:00,2024.01.12,21:00:00,1.09592,1.09636,1.09587,1.09629,1559,0,1,1.0964635,1.0985057955221906,1.0944212044778094,0.0037252412363760323,0.4575232873707841,1.0959819799403485,0.0007267110839125182,1.0970720465662174,1.0948919133144797,0.641284969350363,0.19892053807822405
2024-01-12 21:15:00,2024.01.12,21:15:00,1.09629,1.09632,1.09598,1.09603,1577,0,1,1.096426,1.098471212947338,1.0943807870526618,0.003730690347251999,0.40318856515277457,1.0959941723269822,0.0006880399755212672,1.097026232290264,1.0949621123637003,0.5173573601789474,0.1883331114964924
2024-01-12 21:30:00,2024.01.12,21:30:00,1.09604,1.09614,1.09547,1.09552,1673,0,1,1.0962925000000001,1.098203896086623,1.0943811039133773,0.003487018449223778,0.29792257465459066,1.095967108295841,0.0006862359779691352,1.0969964622627948,1.0949377543288874,0.2828209196277567,0.18784395246209062
2024-01-12 21:45:00,2024.01.12,21:45:00,1.09552,1.09595,1.09536,1.0956,1452,0,1,1.0961945,1.0980355917956353,1.0943534082043647,0.003359060450741719,0.33854688793642906,1.095935637664491,0.0006766123801722308,1.0969505562347495,1.0949207190942327,0.3346479834309567,0.1852149953661929
2024-01-12 22:00:00,2024.01.12,22:00:00,1.09559,1.09565,1.0953,1.09544,1870,0,1,1.0960480000000001,1.0976199618315832,1.094476038168417,0.002868417864150174,0.3066110805667969,1.095890656299619,0.000643951142155015,1.0968565830128514,1.0949247295863864,0.2667233479283274,0.17628158570016905
2024-01-12 22:15:00,2024.01.12,22:15:00,1.09543,1.09561,1.0952,1.09544,1789,0,1,1.0959235,1.0972556452623314,1.0945913547376687,0.0024310916999797623,0.3185257968211708,1.095845514429814,0.0006205560279395157,1.0967763484717232,1.0949146803879048,0.2821768373541983,0.16988417247727072
2024-01-12 22:30:00,2024.01.12,22:30:00,1.09544,1.09559,1.09529,1.09534,1210,0,1,1.095823,1.097004238333255,1.094641761666745,0.0021558925725322577,0.2955535363176619,1.0958037194047523,0.0005885004251455608,1.0966864700424706,1.094920968767034,0.2373440556492011,0.16111473653288394
2024-01-12 22:45:00,2024.01.12,22:45:00,1.09534,1.0954,1.09502,1.09505,1526,0,1,1.0957445,1.0969120354384128,1.094576964561587,0.0021310359092158054,0.20257862110638813,1.0957420953344585,0.0005676503826309873,1.096593570908405,1.0948906197605122,0.09359061161862098,0.15541532584571938
2024-01-12 23:00:00,2024.01.12,23:00:00,1.09507,1.09521,1.09488,1.09491,1060,0,2,1.095646,1.0967440601076208,1.094547939892379,0.0020044067292189706,0.1648635193593918,1.0956714195883197,0.0005438853443678828,1.0964872476048715,1.094855591571768,0.033345525728625834,0.14891837132309468
2024-01-12 23:15:00,2024.01.12,23:15:00,1.09491,1.09514,1.09481,1.09487,779,0,2,1.0955265,1.0963913994160868,1.0946616005839134,0.0015789657595442833,0.12047609942295646,1.0956017605799082,0.0005224968099310887,1.0963855057948049,1.0948180153650116,0.03316424394074936,0.14307118573482713
2024-01-12 23:30:00,2024.01.12,23:30:00,1.09488,1.09489,1.09474,1.09483,952,0,3,1.0954424999999999,1.0962320536713521,1.0946529463286476,0.0014415246283620547,0.11212263192260859,1.0955273071913456,0.0004852471289379671,1.0962551778847525,1.0947994364979388,0.02099514538643857,0.1328804291100561
2024-01-12 23:45:00,2024.01.12,23:45:00,1.09482,1.0951,1.09482,1.09497,995,0,6,1.0954005,1.0961967279823928,1.0946042720176072,0.00145376596485534,0.22966285440867326,1.0954735953953445,0.00046472241604417615,1.0961706790194108,1.0947765117712782,0.13878408704619372,0.12726616634054352
2024-01-15 00:00:00,2024.01.15,00:00:00,1.09472,1.09477,1.09429,1.09464,162,0,28,1.09536,1.0962217424208802,1.0944982575791196,0.0015734414637750681,0.08224175661196864,1.0953872212307085,0.0004862501744397599,1.0961165964923683,1.0946578459690488,-0.01223373617590016,0.13317213265282493
2024-01-15 00:15:00,2024.01.15,00:15:00,1.09464,1.09484,1.09451,1.09468,877,0,21,1.0953270000000002,1.0962383967302687,1.0944156032697316,0.0016641545954194884,0.14505029559989685,1.0953195493674666,0.00047062515699577805,1.0960254871029602,1.094613611631973,0.04702140478491905,0.12890078258921356
2024-01-15 00:30:00,2024.01.15,00:30:00,1.09471,1.095,1.09466,1.09479,299,0,11,1.0953110000000001,1.0962479503721887,1.0943740496278116,0.0017108389711936601,0.2219703329733184,1.0952716557769142,0.000457562641296201,1.0959579997388584,1.09458531181497,0.14911487270181456,0.1253285353134382
2024-01-15 00:45:00,2024.01.15,00:45:00,1.09479,1.09503,1.09474,1.09498,862,0,8,1.095312,1.0962474913147349,1.0943765086852653,0.0017081732232182324,0.32255313610575037,1.095237847290224,0.00044080637716657105,1.0958990568559739,1.094576637724474,0.30501848159780826,0.12074264368891467
2024-01-15 01:00:00,2024.01.15,01:00:00,1.09506,1.09506,1.09456,1.09478,754,0,2,1.0952735,1.0962297902278826,1.0943172097721174,0.0017462126635631602,0.24197163914733436,1.0951961475482979,0.00044672573944990845,1.0958662361574727,1.094526058939123,0.1894831947596981,0.12236869362166636
2024-01-15 01:15:00,2024.01.15,01:15:00,1.09478,1.09484,1.09464,1.09467,284,0,2,1.09522,1.0961855879037887,1.0942544120962114,0.0017632766088797591,0.2151994148631969,1.0951504827024283,0.0004220531655049154,1.0957835624506858,1.0945174029541709,0.12051960771859817,0.11561511559493248
2024-01-15 01:30:00,2024.01.15,01:30:00,1.09467,1.09478,1.09451,1.09467,445,0,3,1.095172,1.0961466917461138,1.0941973082538863,0.0017799793020890852,0.24248268644853424,1.0951031351434668,0.00040684784895442315,1.0957134069168983,1.0944928633700353,0.14512929949941497,0.11145466647789048
2024-01-15 01:45:00,2024.01.15,01:45:00,1.09467,1.09467,1.09438,1.09451,642,0,2,1.0951005,1.096048792676309,1.0941522073236911,0.001731882464319786,0.1886509751934552,1.0950475984631365,0.0003951630640589932,1.095640343059225,1.094454853867048,0.04651761763498809,0.1082591472590576
2024-01-15 02:00:00,2024.01.15,02:00:00,1.09451,1.09454,1.09406,1.09429,1351,0,3,1.0950004999999998,1.0958417247024068,1.0941592752975928,0.001536482773125666,0.07769903928945293,1.0949760811491869,0.0004036467576530975,1.0955815512856666,1.0943706110127072,-0.06656894192656666,0.11059056848881431
2024-01-15 02:15:00,2024.01.15,02:15:00,1.09429,1.09472,1.09423,1.09459,1242,0,3,1.0949285,1.0956416977285008,1.094215302271499,0.0013027293170300518,0.2626885318945553,1.0949320099286295,0.00041228208188777573,1.0955504330514612,1.0943135868057978,0.22348225995858179,0.11296100894373866
2024-01-15 02:30:00,2024.01.15,02:30:00,1.09459,1.09501,1.09453,1.09492,1282,0,3,1.0948985,1.0955581142811812,1.0942388857188188,0.0012048866286349282,0.5162974033562425,1.094921342316379,0.0004190538736990018,1.0955499231269274,1.0942927615058307,0.49893226427164605,0.1148175282104907
2024-01-15 02:45:00,2024.01.15,02:45:00,1.09492,1.0954,1.0949,1.09536,2117,0,3,1.0948864999999999,1.0955018787451138,1.094271121254886,0.001124095959013049,0.8847224199401961,1.0949497859052952,0.0004271484863290961,1.0955905086347888,1.0943090631758017,0.8201182631907681,0.11703234938099286
2024-01-15 03:00:00,2024.01.15,03:00:00,1.09536,1.09556,1.09525,1.09535,992,0,3,1.094882,1.0954822532798227,1.094281746720177,0.0010964711810456773,0.8898354375825084,1.0949913935968543,0.00041543363769618974,1.0956145440533986,1.09436824314031,0.7877366127069841,0.11381832956648817
2024-01-15 03:15:00,2024.01.15,03:15:00,1.09534,1.0954,1.09492,1.09497,1511,0,3,1.0948585,1.0954038173387466,1.0943131826612533,0.0009961421293192343,0.6022340498619722,1.095001419603503,0.00042189027392657436,1.0956342550143927,1.0943685841926132,0.4751755330356981,0.11558622656743457
2024-01-15 03:30:00,2024.01.15,03:30:00,1.09497,1.09541,1.09495,1.09539,1484,0,3,1.094861,1.095415505184771,1.0943064948152292,0.0010129234391778466,0.977001851856997,1.0950250939269788,0.00042570124653390745,1.0956636457967797,1.094386542057178,0.7857293904214041,0.11662780576304614
2024-01-15 03:45:00,2024.01.15,03:45:00,1.09539,1.09561,1.09531,1.09546,834,0,3,1.0948815,1.0954901139991309,1.0942728860008692,0.0011117440547325234,0.9752601820088074,1.095066513552981,0.00041313112188051345,1.0956862102358016,1.0944468168701602,0.8174830993351085,0.11317973386110851
2024-01-15 04:00:00,2024.01.15,04:00:00,1.09547,1.09601,1.09547,1.09597,1304,0,3,1.0949345,1.0957064967616115,1.0941625032383884,0.0014101240971246202,1.170663435063235,1.0951379567066652,0.00042681800969244496,1.095778183721204,1.0944977296921266,1.1498033310374864,0.11692171029557014
2024-01-15 04:15:00,2024.01.15,04:15:00,1.09596,1.09646,1.09596,1.09629,1602,0,0,1.0950054999999999,1.095976303275612,1.0940346967243877,0.0017731477615631419,1.161565546938518,1.0952425957504748,0.000434136208723195,1.0958938000635596,1.09459139143739,1.3042055530648264,0.11891508157398467
2024-01-15 04:30:00,2024.01.15,04:30:00,1.09628,1.09634,1.09614,1.09627,817,0,3,1.0950775,1.0961889652490924,1.0939660347509075,0.0020299298434904326,1.0364540191309952,1.0953385390123342,0.0004107225878508955,1.0959546228941106,1.0947224551305579,1.255953057057862,0.11249195747862317
2024-01-15 04:45:00,2024.01.15,04:45:00,1.09628,1.09655,1.09615,1.09648,880,0,3,1.095153,1.0964193506623132,1.0938866493376869,0.002312646109380472,1.0239465021386316,1.0954389956143342,0.0004096503290658015,1.0960534711079328,1.0948245201207356,1.3470674555051396,0.11218798966600692
2024-01-15 05:00:00,2024.01.15,05:00:00,1.09648,1.09675,1.09646,1.09662,924,0,3,1.095252,1.0966456369684898,1.09385836303151,0.002544869981501848,0.9908021353230627,1.0955505198415405,0.0003976852961592115,1.0961470477857793,1.0949539918973017,1.3964208372703428,0.10890012526763128
2024-01-15 05:15:00,2024.01.15,05:15:00,1.09662,1.09674,1.09648,1.09654,747,0,2,1.095345,1.096819442267416,1.093870557732584,0.0026921970108340267,0.9052379758803063,1.0956492004915526,0.00038391676654330527,1.0962250756413676,1.0950733253417375,1.2734311063201738,0.10512035230924129
2024-01-15 05:30:00,2024.01.15,05:30:00,1.09654,1.0966,1.09632,1.09654,901,0,3,1.0954324999999998,1.096971121135934,1.0938938788640655,0.002809157361926512,0.8599001645482287,1.0957289591748967,0.0003735250898889805,1.09628924680973,1.0951686715400633,1.2237718402839417,0.1022675599000883
2024-01-15 05:45:00,2024.01.15,05:45:00,1.09654,1.09667,1.09635,1.09641,928,0,3,1.095504,1.0970842075812832,1.0939237924187168,0.0028848960501891155,0.7866711977373148,1.095800169412208,0.00036817258090009224,1.0963524282835582,1.0952479105408577,1.0521238493654075,0.10079554407195902
2024-01-15 06:00:00,2024.01.15,06:00:00,1.09641,1.09645,1.09609,1.09611,895,0,3,1.0955705,1.0971351018662732,1.0940058981337268,0.0028562321936802114,0.6724080776168919,1.0958398358173944,0.0003673553228100746,1.0963908688016095,1.0952888028331793,0.7451433855546116,0.10056816082143717
2024-01-15 06:15:00,2024.01.15,06:15:00,1.09612,1.09623,1.09587,1.09591,821,0,0,1.0956325,1.0971469223320942,1.0941180776679058,0.0027644713571278704,0.5916190926794486,1.0958554070093887,0.00036661979052908094,1.0964053366951823,1.095305477323595,0.5496363371732674,0.10036537343815499
2024-01-15 06:30:00,2024.01.15,06:30:00,1.09591,1.09615,1.09583,1.09608,671,0,3,1.095703,1.0971618913598848,1.0942441086401153,0.002662932126469948,0.629207701946234,1.0958710825323041,0.00036195781147616045,1.0964140192495184,1.0953281458150899,0.6923957811950189,0.09908769852009981
2024-01-15 06:45:00,2024.01.15,06:45:00,1.09608,1.0963,1.09605,1.09628,489,0,3,1.0957915,1.0971622556310108,1.0944207443689893,0.0025018548346300274,0.6781863918515111,1.0959033603863704,0.0003507620303285528,1.0964295034318632,1.0953772173408776,0.8579251088235609,0.0960199711966052
2024-01-15 07:00:00,2024.01.15,07:00:00,1.09628,1.0964,1.0962,1.09632,658,0,3,1.095893,1.0970941344637253,1.0946918655362747,0.0021920652175445466,0.6777486255267503,1.0959417705083034,0.0003356858272956953,1.096445299249247,1.0954382417673598,0.8755788507600587,0.091889688757839
2024-01-15 07:15:00,2024.01.15,07:15:00,1.09632,1.09635,1.09606,1.09627,532,0,3,1.095977,1.0970274113479723,1.0949265886520276,0.0019168492549977718,0.6394691710850654,1.0959689034757667,0.0003311172445661159,1.096465579342616,1.0954722276089175,0.8031116914774468,0.09063685388774129
2024-01-15 07:30:00,2024.01.15,07:30:00,1.09627,1.09655,1.0962,1.09647,702,0,0,1.0960545,1.0970055515232886,1.0951034484767113,0.0017354091850152902,0.7184424238990511,1.0960105952082333,0.00033300552010948937,1.0965101034883975,1.095511086928069,0.9598570334166796,0.09115026485109926
2024-01-15 07:45:00,2024.01.15,07:45:00,1.09647,1.0966,1.09629,1.09639,891,0,3,1.096106,1.0970115031750083,1.0952004968249918,0.001652218261752531,0.6568188869118876,1.0960502210614174,0.0003307049680985437,1.0965462785135651,1.0955541636092696,0.8424794215987358,0.0905172851782968
2024-01-15 08:00:00,2024.01.15,08:00:00,1.0964,1.09658,1.09621,1.09657,898,0,3,1.096167,1.0970236236045956,1.0953103763954042,0.0015629436109565562,0.7352258318811756,1.0960886127063618,0.00033463447128870966,1.096590564413295,1.0955866609994287,0.9795155460068603,0.0915896216992439
2024-01-15 08:15:00,2024.01.15,08:15:00,1.09657,1.09666,1.09634,1.09641,907,0,0,1.096239,1.0969010543783944,1.0955769456216056,0.0012078650338008306,0.6291434703708555,1.0961249353057558,0.0003331710241598263,1.0966246918419955,1.0956251787695162,0.7852035677103767,0.09118605373214657
2024-01-15 08:30:00,2024.01.15,08:30:00,1.09642,1.09662,1.09629,1.09659,844,0,1,1.0962990000000001,1.096850720943913,1.0957472790560874,0.0010065154559344832,0.7637202767182186,1.0961606557528267,0.0003328539217438378,1.0966599366354426,1.0956613748702109,0.9299626343830554,0.09109629687866538
2024-01-15 08:45:00,2024.01.15,08:45:00,1.09659,1.09663,1.09631,1.09636,917,0,0,1.0963439999999998,1.096739292296854,1.0959487077031456,0.0007211099743405345,0.5202381884589817,1.0961866250462085,0.0003315685295694638,1.0966839778405626,1.0956892722518543,0.6742977578086115,0.09074235773186508
2024-01-15 09:00:00,2024.01.15,09:00:00,1.09637,1.09664,1.09609,1.09642,2583,0,1,1.0963665,1.0967234467746774,1.0960095532253227,0.0006511449860559346,0.5749411450044458,1.0962053591687917,0.0003534116766125225,1.0967354766837105,1.0956752416538729,0.7024464624990967,0.0967186504763657
2024-01-15 09:15:00,2024.01.15,09:15:00,1.09642,1.09643,1.09574,1.09601,2898,0,1,1.0963525,1.0967409263121268,1.0959640736878733,0.0007085792427650161,0.059118435972024666,1.0961915154384305,0.00038707050895127825,1.0967721212018575,1.0956109096750035,0.3436844328247763,0.10593144633030338
2024-01-15 09:30:00,2024.01.15,09:30:00,1.09603,1.09624,1.09559,1.09582,1623,0,0,1.09633,1.096781884941055,1.095878115058945,0.0008243593462827445,-0.06430293827588077,1.0961621647617545,0.0004133634580561544,1.0967822099488387,1.0955421195746704,0.2240807856572435,0.1131301931441692
2024-01-15 09:45:00,2024.01.15,09:45:00,1.09582,1.09588,1.09515,1.09535,1632,0,0,1.0962735000000001,1.096889138692702,1.0956578613072983,0.001123147996739627,-0.25003407919918763,1.0960952919273017,0.0004450271122505287,1.0967628325956775,1.0954277512589259,-0.05823709521325114,0.12180340035984674
2024-01-15 10:00:00,2024.01.15,10:00:00,1.09538,1.09642,1.09537,1.09628,2651,0,0,1.0962565,1.0968513537635012,1.0956616462364988,0.001085245585319153,0.5197527539051253,1.0960884387278762,0.0005075244010254663,1.0968497253294145,1.095327152126338,0.6258141623250965,0.13890970375015413
2024-01-15 10:15:00,2024.01.15,10:15:00,1.09628,1.09651,1.09591,1.09623,1844,0,0,1.0962409999999998,1.096821479112416,1.0956605208875836,0.0010590355814391365,0.49052506820273484,1.0961006509125228,0.0005167719609229353,1.0968758088539072,1.0953254929711385,0.583434020714658,0.14143919004866082
2024-01-15 10:30:00,2024.01.15,10:30:00,1.09623,1.09629,1.09571,1.09601,2089,0,0,1.0962145,1.0967862857990116,1.0956427142009886,0.0010432005761856185,0.3211742925815087,1.0960913825716476,0.0005230947648306442,1.0968760247188936,1.0953067404244017,0.44814032617713584,0.14317093624165053
2024-01-15 10:45:00,2024.01.15,10:45:00,1.09601,1.09608,1.0957,1.09581,1516,0,0,1.0961845000000001,1.096774770277035,1.0955942297229653,0.0010769542481851246,0.18277243953276354,1.09606966359657,0.0005087852883475845,1.0968328415290916,1.0953064856640486,0.32988004139988114,0.13925719465991082
2024-01-15 11:00:00,2024.01.15,11:00:00,1.09581,1.0959,1.09513,1.0955,2024,0,0,1.0961539999999999,1.096815283600243,1.0954927163997568,0.0012065523644361833,0.005507168362015992,1.0960163623016586,0.000534906759512842,1.0968187224409278,1.0952140021623893,0.1782228600433075,0.1464138979794591
2024-01-15 11:15:00,2024.01.15,11:15:00,1.0955,1.09555,1.09521,1.09539,1495,0,0,1.096128,1.0968624548998749,1.095393545100125,0.0013400896608332098,-0.0024134226115292813,1.0959560738284848,0.0005154160835615585,1.0967291979538272,1.0951829497031424,0.13390495139829467,0.14108669933122778
2024-01-15 11:30:00,2024.01.15,11:30:00,1.0954,1.0956,1.0945,1.09455,1907,0,0,1.0960515,1.0970582626333698,1.09504473736663,0.0018370717678318053,-0.24570705657509417,1.0958539080670417,0.0005738744752053906,1.09671471977985,1.0949930963542336,-0.2573712390530755,0.1571033705261925
2024-01-15 11:45:00,2024.01.15,11:45:00,1.09455,1.09486,1.0943,1.09467,2069,0,0,1.095971,1.097136725525134,1.094805274474866,0.002127292647586576,-0.058021580530454156,1.0957354406320854,0.000572487027684841,1.0965941711736127,1.094876710090558,-0.12035794731978158,0.15674048856755612
2024-01-15 12:00:00,2024.01.15,12:00:00,1.09467,1.09467,1.09372,1.09386,2117,0,0,1.095848,1.0973194971967175,1.0943765028032824,0.0026855863162000113,-0.17550247612922784,1.0955780970798232,0.0006102383249163575,1.0964934545671978,1.0946627395924486,-0.43848420071975813,0.1671003627791398
2024-01-15 12:15:00,2024.01.15,12:15:00,1.09386,1.09386,1.09335,1.09354,2130,0,0,1.0957115,1.097478002476632,1.093944997523368,0.003224393422232065,-0.11463259427185743,1.0953881195801576,0.0006002144924247228,1.0962884413187948,1.0944877978415204,-0.5263661871338975,0.16438406123708293
2024-01-15 12:30:00,2024.01.15,12:30:00,1.09354,1.09387,1.09345,1.09362,1831,0,0,1.095569,1.0975181321145437,1.0936198678854563,0.003558209687466016,3.3890607712941516e-05,1.09522226692173,0.000582193043182237,1.0960955564865034,1.0943489773569566,-0.41737436605331385,0.15947257303814544
2024-01-15 12:45:00,2024.01.15,12:45:00,1.09362,1.09419,1.09343,1.09401,1270,0,0,1.09545,1.097473304228223,1.093426695771777,0.003694014748684,0.14414644621564124,1.0950941145164859,0.0005999737388640228,1.0959940751247819,1.0941941539081899,-0.10231220483006025,0.16436223998763055
2024-01-15 13:00:00,2024.01.15,13:00:00,1.09402,1.09426,1.09399,1.09425,1487,0,0,1.095334,1.0973531721075591,1.093314827892441,0.0036868610078005177,0.23157315417988356,1.0950057861498363,0.0005669763649776197,1.0958562506973029,1.0941553216023698,0.0556627539102906,0.15533516958971347
2024-01-15 13:15:00,2024.01.15,13:15:00,1.09425,1.09465,1.09406,1.09464,1319,0,0,1.0952455,1.0972229981668624,1.0932680018331378,0.003611059195152728,0.34690251294625035,1.0949528541355662,0.0005692787284798446,1.095806772228286,1.0940989360428464,0.3168125618642992,0.15597349045571182
2024-01-15 13:30:00,2024.01.15,13:30:00,1.09465,1.0949,1.09439,1.09462,1354,0,0,1.0951469999999999,1.097041308317023,1.0932526916829768,0.003459459446125654,0.36089909565826983,1.09492274104329,0.0005633508556318612,1.0957677673267379,1.0940777147598422,0.32086885980939234,0.15435359076434368
2024-01-15 13:45:00,2024.01.15,13:45:00,1.09462,1.09472,1.09413,1.09455,1376,0,0,1.0950564999999999,1.0968820549840916,1.0932309450159081,0.003334174965568918,0.3612750630866491,1.0948793053883734,0.0005660157700686618,1.0957283290434765,1.0940302817332703,0.30606818997668667,0.1550899082528413
2024-01-15 14:00:00,2024.01.15,14:00:00,1.09454,1.09553,1.09436,1.09546,2226,0,0,1.0950085,1.0967359753254222,1.0932810246745779,0.003155181581553326,0.630682040245556,1.0949019112244014,0.0006264141930617849,1.095841532513994,1.0939622899348087,0.7969753781550829,0.17163570178481646
2024-01-15 14:15:00,2024.01.15,14:15:00,1.09547,1.09569,1.09491,1.09505,3325,0,0,1.0949605,1.0966262427772444,1.0932947572227556,0.0030425623157080196,0.5268648921138152,1.0949318879331886,0.0006417727737556068,1.095894547093822,1.0939692287725553,0.5613467734175743,0.175839094877481
